form	lemma	POS	morph
		
༄༅། །		PUNCT
རྒྱལ་ཆེན་	རྒྱལ་ཆེན་	NOUN
བཞི་	བཞི་	NUM
འི་	གི་	PART
བཟློག་	བཟློག་	VERB
བསྒྱུར་	བསྒྱུར་	VERB
དང་	དང་	NO_POS
རེ་	རེ་	DET
མ་ཏི་	མ་ཏི་	PROPN
འི་	གི་	PART
བཟློག་	བཟློག་	VERB
བསྒྱུར་	བསྒྱུར་	VERB
གྱིས་པ་	གྱིས་པ་	PART
བཞུགས་	བཞུགས་	VERB
།།		PUNCT
བྷྱོ་		NON_WORD
བྷྱོ་		NON_WORD
ཕྱོགས་ཕྱོགས་	ཕྱོགས་ཕྱོགས་	NO_POS
དེ་	སྟེ་	PART
ནི་	ནི་	NO_POS
ཕ་གི་	ཕ་གི་	DET
ན་	ལ་	PART
། །		PUNCT
ཉི་མ་	ཉི་མ་	NOUN
ཤར་ཕྱོགས་	ཤར་ཕྱོགས་	NOUN
ཕ་གི་	ཕ་གི་	DET
ན་	ལ་	PART
། །		PUNCT
ཡུལ་	ཡུལ་	NOUN
ཡང་	ཀྱང་	PART
དཀར་པོ་	དཀར་པོ་	ADJ
དུང་	དུང་	NOUN
གིས་	གིས་	PART
ཡུལ་	ཡུལ་	NOUN
། །		PUNCT
མཁའ་	མཁའ་	NOUN
ཡང་	ཀྱང་	PART
དཀར་པོ་	དཀར་པོ་	ADJ
དུང་	དུང་	NOUN
གིས་	གིས་	PART
མཁའ་	མཁའ་	NOUN
། །		PUNCT
དུང་	དུང་	NOUN
མཁའ་	མཁའ་	NOUN
དཀར་པོ་	དཀར་པོ་	ADJ
ལྡེམས་		NON_WORD
སེ་	སེ་	NO_POS
ལྡེམས་		NON_WORD
། །		PUNCT
གཡུ་	གཡུ་	NOUN
ཡི་	གི་	PART
བེད་	བེད་	NO_POS
སྟག་	སྟག་	NOUN
ཕྱ་ར་	ཕྱ་ར་	NO_POS
ར་	ར་	ADP
། །		PUNCT
ཁྲོ་ཆུ་	ཁྲོ་ཆུ་	OTHER
འི་	གི་	PART
སྒོ་མོ་	སྒོ་མོ་	NOUN
ཐབས་	ཐབས་	NOUN
སེ་	སེ་	NO_POS
ཐབས་	ཐབས་	NOUN
། །		PUNCT
སྐུ་	སྐུ་	NOUN
འཁར་	འཁར་	NO_POS
དེ་	སྟེ་	PART
ཡི་	གི་	PART
ནང་	ནང་	NOUN
ཤེ་ན་	ཅེ་ན་	PART
། །		PUNCT
མངའ་བདག་	མངའ་བདག་	NOUN
རྒྱལ་པོ་	རྒྱལ་པོ་	NOUN
སུ་	ལ་	PART
བཞུགས་	བཞུགས་	VERB
ན་	ལ་	PART
། །		PUNCT
རྒྱལ་པོ་	རྒྱལ་པོ་	NOUN
ཆེན་པོ་	ཆེན་པོ་	ADJ
ཡུལ་འཁོར་	ཡུལ་འཁོར་	NO_POS
བསྲུངས་	བསྲུངས་	NO_POS
། །		PUNCT
སྐུ་མདོག་	སྐུ་མདོག་	NOUN
དཀར་པོ་	དཀར་པོ་	ADJ
འོད་ཟེར་	འོད་ཟེར་	NOUN
འབའ་	འབའ་	VERB
། །		PUNCT
དབུ་	དབུ་	NOUN
ལ་	ལ་	PART
ཟངས་	ཟངས་	NOUN
ཀྱིས་	གིས་	PART
རྨོག་ཞུ་	རྨོག་ཞུ་	NO_POS
གསོལ་	གསོལ་	VERB
། །		PUNCT
ལུས་	ལུས་	NOUN
ལ་	ལ་	PART
གསེར་	གསེར་	NOUN
གྱིས་	གིས་	PART
བེར་ཆེན་	བེར་ཆེན་	NO_POS
གསོལ་	གསོལ་	VERB
། །		PUNCT
ཕྱག་	ཕྱག་	NOUN
ན་	ལ་	PART
དུང་	དུང་	NOUN
གིས་	གིས་	PART
བེར་ཀ་	བེར་ཀ་	NOUN
བསྣམས་	བསྣམས་	NO_POS
། །		PUNCT
དྲི་ཟ་	དྲི་ཟ་	NOUN
འབུམ་	འབུམ་	NUM
གྱིས་	གིས་	PART
འཁོར་	འཁོར་	NOUN
གྱིས་	གིས་	PART
བསྐོར་	བསྐོར་	VERB
། །		PUNCT
དྲི་ཟ་	དྲི་ཟ་	NOUN
འི་	གི་	PART
དམག་དཔུང་	དམག་དཔུང་	NO_POS
སྟོང་	སྟོང་	NUM
གིས་	གིས་	PART
བསྐོར་	བསྐོར་	VERB
། །		PUNCT
རྒྱལ་པོ་	རྒྱལ་པོ་	NOUN
གཉན་	གཉན་	OTHER
སྟེ་	སྟེ་	PART
དེ་	སྟེ་	PART
ན་	ལ་	PART
གཉན་	གཉན་	OTHER
། །		PUNCT
བཙུན་མོ་	བཙུན་མོ་	NOUN
བཟང་	བཟང་	VERB
སྡུག་	སྡུག་	VERB
དེ་	སྟེ་	PART
ན་	ལ་	PART
སྡུག་	སྡུག་	VERB
།		PUNCT
རྒྱལ་	རྒྱལ་	VERB
ལྕམ་	ལྕམ་	NOUN
དག་	དག་	DET
ཀྱང་	ཀྱང་	PART
འཕན་	འཕན་	NOUN
ཅིག་	ཅིག་	PART
གྲག་	གྲག་	VERB
། །		PUNCT
དེ་	སྟེ་	PART
ན་	ལ་	PART
མི་	མི་	PART
བཟང་	བཟང་	VERB
རྟ་	རྟ་	NOUN
རེ་	རེ་	DET
མགྱོགས་	མགྱོགས་	VERB
། །		PUNCT
དེ་	སྟེ་	PART
ན་	ལ་	PART
མཛེས་སྡུག་	མཛེས་སྡུག་	OTHER
གཏམ་	གཏམ་	NOUN
རེ་	རེ་	DET
མཁའ་	མཁའ་	VERB
། །		PUNCT
དེ་	སྟེ་	PART
ན་	ལ་	PART
འཁོར་	འཁོར་	NOUN
མང་	མང་	VERB
གཡོག་	གཡོག་	NOUN
རེ་	རེ་	DET
དགའ་	དགའ་	VERB
། །		PUNCT
སྡེ་བརྒྱད་	སྡེ་བརྒྱད་	OTHER
ཁྲཾ་		NON_WORD
ཁ་	ཁ་	PRON
དེ་	སྟེ་	PART
རུ་	ལ་	PART
བསྒྱུར་	བསྒྱུར་	VERB
། །		PUNCT
སྤྱན་	སྤྱན་	NOUN
གྱིས་	གིས་	PART
རུ་	ལ་	PART
ཡོག་	ཡོག་	VERB
དེ་	སྟེ་	PART
རུ་	ལ་	PART
གཟིགས་	གཟིགས་	VERB
། །		PUNCT
ཕྱག་	ཕྱག་	NOUN
གིས་	གིས་	PART
སོར་རྡོ་	སོར་རྡོ་	NO_POS
དེ་	སྟེ་	PART
རུ་	ལ་	PART
ཐོབ་	ཐོབ་	VERB
། །		PUNCT
ལྗགས་	ལྗགས་	NOUN
ཀྱིས་	གིས་	PART
མཆིས་	མཆིས་	VERB
ཐབས་	ཐབས་	NOUN
དེ་	སྟེ་	PART
རུ་	ལ་	PART
སྒྱུ་	སྒྱུ་	VERB
། །		PUNCT
ཐུགས་	ཐུགས་	NOUN
ཀྱིས་	གིས་	PART
གནག་པ་	གནག་པ་	VERB
དེ་	སྟེ་	PART
རུ་	ལ་	PART
ཆོ་	ཆོ་	NOUN
། །		PUNCT
ཞལ་	ཞལ་	NOUN
གྱིས་	གིས་	PART
འདེམ་		NON_WORD
སྐུགས་	སྐུགས་	NO_POS
དེ་	སྟེ་	PART
རུ་	ལ་	PART
སྐྱོལ་	སྐྱོལ་	VERB
། །		PUNCT
མགྱོགས་	མགྱོགས་	VERB
ཀྱི་	གི་	PART
ཆིབས་ཁ་	ཆིབས་ཁ་	NO_POS
དེ་	སྟེ་	PART
རུ་	ལ་	PART
སྒྱུ་	སྒྱུ་	VERB
། །		PUNCT
ཚ་ཚ་	ཚ་ཚ་	NOUN
བརྒྱ་	བརྒྱ་	NUM
དང་	དང་	NO_POS
མདོ་	མདོ་	NOUN
ཚ་	ཚ་	VERB
བརྒྱ་	བརྒྱ་	NUM
། །		PUNCT
སྐྱེས་པ་ཕོ་	སྐྱེས་པ་ཕོ་	NO_POS
ཡི་	གི་	PART
ངན་པ་	ངན་པ་	VERB
བཟློག་	བཟློག་	VERB
།		PUNCT
ངར་མི་	ངར་མི་	NO_POS
བརྒྱ་	བརྒྱ་	NUM
དང་	དང་	NO_POS
ཆབ་གཏོར་	ཆབ་གཏོར་	OTHER
བརྒྱ་	བརྒྱ་	NUM
། །		PUNCT
ཟ་མ་མོ་	ཟ་མ་མོ་	OTHER
ཡི་	གི་	PART
ངན་པ་	ངན་པ་	VERB
བཟློག་	བཟློག་	VERB
།		PUNCT
ལྷ་	ལྷ་	NOUN
ཤོ་	ཤོ་	VERB
བརྒྱ་	བརྒྱ་	NUM
དང་	དང་	NO_POS
ཞུ་	ཞུ་	VERB
མེ་	མེ་	NOUN
ར་	ལ་	PART
བྱ་	བྱ་	VERB
། །		PUNCT
བྱིས་པ་	བྱིས་པ་	NOUN
ཆུང་	ཆུང་	VERB
གྱི་	གི་	PART
ངན་པ་	ངན་པ་	VERB
		
།		PUNCT
ནོར་	ནོར་	NOUN
དང་	དང་	NO_POS
རྫ་	རྫ་	NOUN
ཀྱིས་	གིས་	PART
ངན་པ་	ངན་པ་	VERB
		
།		PUNCT
བྷྱཽ་		NON_WORD
བྷྱཽ་		NON_WORD
སྡང་བ་	སྡང་བ་	VERB
འི་	གི་	PART
དགྲ་	དགྲ་	NOUN
ལ་	ལ་	PART
བྷྱཽ་		NON_WORD
། །		PUNCT
ཟོ་		
ཟོ་		
གནོད་པ་	གནོད་པ་	VERB
འི་	གི་	PART
བགེགས་	བགེགས་	NOUN
ལ་	ལ་	PART
ཟོ་		
། །		PUNCT
ཤ་	ཤ་	VERB
གྱིས་	གིས་	PART
ཕྱོགས་	ཕྱོགས་	NOUN
ཀྱི་	གི་	PART
དགྲ་	དགྲ་	NOUN
དང་	དང་	NO_POS
བགེགས་	བགེགས་	NOUN
ལ་	ལ་	PART
བྷྱོ་		NON_WORD
། །		PUNCT
དྲི་ཟ་	དྲི་ཟ་	NOUN
འི་	གི་	PART
དམག་དཔུང་	དམག་དཔུང་	NO_POS
བརྒྱ་	བརྒྱ་	NUM
བཞི་	བཞི་	NUM
འདི་	འདི་	DET
ཡི་	གིས་	PART
བཟློག་	བཟློག་	VERB
།		PUNCT
ཨོཾ་པ་	ཨོཾ་པ་	X
ར་	ར་	ADP
ཙཀྲ་	ཙཀྲ་	NO_POS
ཧྲི་		NON_WORD
དི་		NON_WORD
ཡ་མ་	ཡ་མ་	NO_POS
ར་	ར་	ADP
ཙ་	ཙ་	NOUN
ཨ་པ་	ཨ་པ་	OTHER
ན་	ལ་	PART
ཡེ་	ཡེ་	ADV
སྭཱ་		NON_WORD
ཧཱ་		NON_WORD
། །		PUNCT
ལྟས་ངན་	ལྟས་ངན་	NOUN
གྱི་	གི་	PART
འཇིགས་པ་	འཇིགས་པ་	VERB
ལྟས་ངན་	ལྟས་ངན་	NOUN
རང་	རང་	PRON
ལ་	ལ་	PART
སྡིག་	སྡིག་	NOUN
ཅིག་	ཅིག་	PART
སྭཱ་		NON_WORD
ཧཱ་		NON_WORD
།		PUNCT
ཡོན་བདག་	ཡོན་བདག་	NOUN
རྣམས་	རྣམས་	DET
ལ་	ལ་	PART
གང་	གང་	NO_POS
འཚེ་བ་	འཚེ་བ་	VERB
། །		PUNCT
བརྒྱ་	བརྒྱ་	NUM
བཞི་	བཞི་	NUM
འདི་	འདི་	DET
ཡི་	གིས་	PART
བཟློག་པ་	བཟློག་པ་	VERB
ར་	ལ་	PART
མཛོད་	མཛོད་	NOUN
། །		PUNCT
ཡོན་བདག་	ཡོན་བདག་	NOUN
སྐྱེས་པ་	སྐྱེས་པ་	VERB
ཁྱོ་ག་	ཁྱོ་ག་	NOUN
ལ་	ལ་	PART
། །		PUNCT
ཡ་		
ཀྱིས་	གིས་	PART
བདུད་	བདུད་	NOUN
ཡོ་	ཡོ་	NOUN
འདི་	འདི་	DET
ཡི་	གིས་	PART
བཟློག་	བཟློག་	VERB
།		PUNCT
རྒྱུ་	རྒྱུ་	NOUN
སྦྱོར་	སྦྱོར་	VERB
ཟ་མ་	ཟ་མ་	NOUN
བུད་མེད་	བུད་མེད་	NOUN
ལ་	ལ་	PART
། །		PUNCT
མ་	མ་	OTHER
ཀྱིས་	གིས་	PART
སྲི་	སྲི་	NO_POS
ལངས་	ལངས་	VERB
འདི་	འདི་	DET
ཡི་	གིས་	PART
བཟློག་	བཟློག་	VERB
།		PUNCT
ཕ་	ཕ་	NOUN
ཀྱིས་	གིས་	PART
བཙན་	བཙན་	VERB
རོལ་	རོལ་	VERB
འདི་	འདི་	DET
ཡི་	གིས་	PART
		
།		PUNCT
རྒྱ་གར་	རྒྱ་གར་	PROPN
ངན་སྔགས་	ངན་སྔགས་	NOUN
འདི་	འདི་	DET
ཡི་	གིས་	PART
		
།		PUNCT
བལ་པོ་	བལ་པོ་	PROPN
ཐུན་	ཐུན་	NOUN
ཟོ་		
འདི་	འདི་	DET
		
།		PUNCT
ཞང་ཞུང་	ཞང་ཞུང་	PROPN
རྩོ་		NON_WORD
ཟོ་		
		
།		PUNCT
སུམ་པ་	སུམ་པ་	PROPN
འི་	གི་	PART
གླང་	གླང་	NOUN
ཟོ་		
		
།		PUNCT
གཤིན་རྗེ་	གཤིན་རྗེ་	OTHER
འི་	གི་	PART
འཁོར་ལོ་	འཁོར་ལོ་	NOUN
		
།		PUNCT
མ་མོ་	མ་མོ་	NOUN
འི་	གི་	PART
རྦོད་	རྦོད་	NO_POS
སྟོང་	སྟོང་	NUM
		
།		PUNCT
ཀླུ་གཉན་	ཀླུ་གཉན་	OTHER
གཏད་	གཏད་	VERB
ཁྲཾ་		NON_WORD
		
།		PUNCT
རྣལ་འབྱོར་	རྣལ་འབྱོར་	NOUN
དམ་སྲི་	དམ་སྲི་	NO_POS
		
།		PUNCT
ཕ་ཁུ་	ཕ་ཁུ་	NO_POS
འི་	གི་	PART
རྒན་	རྒན་	NOUN
སྲིད་	སྲིད་	NOUN
		
།		PUNCT
མ་བུ་	མ་བུ་	NOUN
འི་	གི་	PART
བྱུར་	བྱུར་	NO_POS
སྲི་	སྲི་	NO_POS
		
།		PUNCT
བྱིས་པ་	བྱིས་པ་	NOUN
འི་	གི་	PART
ཆུང་སྲི་	ཆུང་སྲི་	NO_POS
		
།		PUNCT
བདུད་	བདུད་	NOUN
ཀྱི་	གི་	PART
ཁྲཾ་		NON_WORD
ཁ་	ཁ་	PRON
		
།		PUNCT
བཙན་	བཙན་	VERB
གྱི་	གི་	PART
རྒྱལ་ཁ་	རྒྱལ་ཁ་	OTHER
		
།		PUNCT
རྒྱལ་པོ་	རྒྱལ་པོ་	NOUN
འི་	གི་	PART
ཆོ་འཕྲུལ་	ཆོ་འཕྲུལ་	NOUN
		
།		PUNCT
མ་མོ་	མ་མོ་	NOUN
འི་	གི་	PART
དལ་	དལ་	NOUN
ཡཾ་		NON_WORD
		
།		PUNCT
ས་བདག་	ས་བདག་	NOUN
འཆིབ་	འཆིབ་	NO_POS
ཁ་	ཁ་	PRON
		
།		PUNCT
ལོ་སྐེག་	ལོ་སྐེག་	NO_POS
ཟླ་	ཟླ་	NOUN
སྐེག་	སྐེག་	NO_POS
		
།		PUNCT
ཞག་	ཞག་	NOUN
སྐེག་	སྐེག་	NO_POS
ཟ་	ཟ་	VERB
སྐེག་	སྐེག་	NO_POS
		
།		PUNCT
མ་	མ་	PART
ཉེ་	ཉེ་	VERB
ས་	གིས་	PART
ཁ་ཡོག་	ཁ་ཡོག་	NO_POS
		
།		PUNCT
སྡང་བ་	སྡང་བ་	VERB
འི་	གི་	PART
དགྲ་	དགྲ་	NOUN
རྣམས་	རྣམས་	DET
		
།		PUNCT
ཆོས་པ་	ཆོས་པ་	NOUN
འི་	གི་	PART
ཆོ་	ཆོ་	NOUN
ཟོ་		
		
།		PUNCT
བོན་པོ་	བོན་པོ་	NOUN
འི་	གི་	PART
བོན་	བོན་	NO_POS
ཟོ་		
		
།		PUNCT
དགྲ་	དགྲ་	NOUN
རྐུན་	རྐུན་	NO_POS
སྡང་བ་	སྡང་བ་	VERB
		
།		PUNCT
སྐྱེ་བོ་	སྐྱེ་བོ་	NOUN
འི་	གི་	PART
ཡ་ག་	ཡ་ག་	NO_POS
		
།		PUNCT
རིམས་ནད་	རིམས་ནད་	NOUN
འགོ་ནད་	འགོ་ནད་	NO_POS
		
།		PUNCT
ཕྱུགས་	ཕྱུགས་	NOUN
ཀྱིས་	གིས་	PART
གོད་ཁ་	གོད་ཁ་	NO_POS
		
།		PUNCT
གཟའ་སྐར་	གཟའ་སྐར་	OTHER
ངན་པ་	ངན་པ་	VERB
		
།		PUNCT
མ་	མ་	PART
ཉེ་	ཉེ་	VERB
ས་	གིས་	PART
ཁ་ཡོག་	ཁ་ཡོག་	NO_POS
		
།		PUNCT
རྨི་ལམ་	རྨི་ལམ་	NOUN
ངན་པ་	ངན་པ་	VERB
		
།		PUNCT
མཚན་མ་	མཚན་མ་	NOUN
ངན་པ་	ངན་པ་	VERB
		
།		PUNCT
སྤྲ་	སྤྲ་	NO_POS
ངན་	ངན་	VERB
སྲོག་	སྲོག་	NOUN
སྡིག་	སྡིག་	NOUN
		
།		PUNCT
ངན་དགུ་	ངན་དགུ་	NO_POS
དུག་	དུག་	NOUN
ཆུ་	ཆུ་	NOUN
		
།		PUNCT
ཉམས་	ཉམས་	NOUN
ཆགས་	ཆགས་	VERB
ཆེ་བ་	ཆེ་བ་	VERB
		
།		PUNCT
སྐེག་	སྐེག་	NO_POS
ཆེན་	ཆེན་	NO_POS
གཡོས་པ་	གཡོས་པ་	VERB
ཐམས་ཅད་	ཐམས་ཅད་	DET
འདི་	འདི་	DET
ཡི་	གིས་	PART
བཟློག་	བཟློག་	VERB
།		PUNCT
ངར་མི་	ངར་མི་	NO_POS
འདི་	འདི་	DET
ལ་	ལ་	PART
བཀྲ་ཤིས་	བཀྲ་ཤིས་	NOUN
ཏེ་	སྟེ་	PART
། །		PUNCT
ཉི་མ་	ཉི་མ་	NOUN
ཤ་	ཤ་	VERB
གྱི་	གི་	PART
ཕྱོགས་	ཕྱོགས་	NOUN
སུ་	ལ་	PART
བཟློག་	བཟློག་	VERB
གོ་	གོ་	PART
བསྒྱུར་	བསྒྱུར་	VERB
རོ་	རོ་	NOUN
། ༈ །		PUNCT
བྷྱཽ་		NON_WORD
ཕྱོགས་ཕྱོགས་	ཕྱོགས་ཕྱོགས་	NO_POS
དེ་	སྟེ་	PART
ནི་	ནི་	NO_POS
ཕ་གི་	ཕ་གི་	DET
ན་	ལ་	PART
། །		PUNCT
ཉི་མ་	ཉི་མ་	NOUN
ལྷོ་ཕྱོགས་	ལྷོ་ཕྱོགས་	NOUN
ཕ་གི་	ཕ་གི་	DET
ན་	ལ་	PART
། །		PUNCT
ཡུལ་	ཡུལ་	NOUN
ཡང་	ཀྱང་	PART
སྔོན་པོ་	སྔོན་པོ་	ADJ
གཡུ་	གཡུ་	NOUN
ཡི་	གི་	PART
ཡུལ་	ཡུལ་	NOUN
། །		PUNCT
མཁའ་	མཁའ་	NOUN
ཡང་	ཀྱང་	PART
སྔོན་པོ་	སྔོན་པོ་	ADJ
གཡུ་	གཡུ་	NOUN
ཡི་	གིས་	PART
མཁའ་	མཁའ་	NOUN
། །		PUNCT
གསེར་	གསེར་	NOUN
གྱིས་པ་	གྱིས་པ་	PART
རྟགས་	རྟགས་	NOUN
ཤ་	ཤ་	VERB
ར་ར་	ར་ར་	NO_POS
། །		PUNCT
གསེར་	གསེར་	NOUN
གྱིས་	གིས་	PART
སྒོ་མོ་	སྒོ་མོ་	NOUN
ཐབས་	ཐབས་	NOUN
སེ་	སེ་	NO_POS
ཐབས་	ཐབས་	NOUN
། །		PUNCT
སྐུ་མཁར་	སྐུ་མཁར་	NOUN
དེ་	སྟེ་	PART
ཡི་	གི་	PART
ནང་	ནང་	NOUN
ཤེད་	ཤེད་	NOUN
ན་	ལ་	PART
། །		PUNCT
མངའ་བདག་	མངའ་བདག་	NOUN
རྒྱལ་པོ་	རྒྱལ་པོ་	NOUN
སུ་	ལ་	PART
བཞུགས་	བཞུགས་	VERB
ན་	ལ་	PART
། །		PUNCT
རྒྱལ་པོ་	རྒྱལ་པོ་	NOUN
ཆེན་པོ་	ཆེན་པོ་	ADJ
འཕགས་	འཕགས་	VERB
སྐྱེས་པ་	སྐྱེས་པོ་	VERB
། །		PUNCT
སྐུ་མདོག་	སྐུ་མདོག་	NOUN
སྔོན་པོ་	སྔོན་པོ་	ADJ
འོད་ཟེར་	འོད་ཟེར་	NOUN
འཕྲོ་	འཕྲོ་	NOUN
། །		PUNCT
དབུ་	དབུ་	NOUN
ལ་	ལ་	PART
མཐིང་	མཐིང་	NO_POS
གིས་	གིས་	PART
རྨོག་	རྨོག་	NOUN
ཞྭ་	ཞྭ་	NO_POS
གསོལ་	གསོལ་	VERB
། །		PUNCT
ལུས་	ལུས་	NOUN
ལ་	ལ་	PART
བསེ་	བསེ་	OTHER
ཡི་	གི་	PART
ཁྲབ་	ཁྲབ་	NOUN
ཆེན་	ཆེན་	NO_POS
གསོལ་	གསོལ་	VERB
། །		PUNCT
ཕྱག་	ཕྱག་	NOUN
ན་	ལ་	PART
ཤེས་རབ་	ཤེས་རབ་	NOUN
རལ་གྲི་	རལ་གྲི་	NOUN
བསྣམས་	བསྣམས་	NO_POS
། །		PUNCT
གཤིན་རྗེ་	གཤིན་རྗེ་	OTHER
འབུམ་	འབུམ་	NUM
གྱིས་	གིས་	PART
འཁོར་	འཁོར་	NOUN
གྱིས་	གིས་	PART
བསྐོར་	བསྐོར་	VERB
། །		PUNCT
གཤིན་རྗེ་	གཤིན་རྗེ་	OTHER
འི་	གི་	PART
དམག་དཔུང་	དམག་དཔུང་	NO_POS
སྟོང་	སྟོང་	NUM
གིས་	གིས་	PART
བསྐོར་	བསྐོར་	VERB
། །		PUNCT
རྒྱལ་པོ་	རྒྱལ་པོ་	NOUN
གཉན་	གཉན་	OTHER
སྟེ་	སྟེ་	PART
དེ་	སྟེ་	PART
ན་	ལ་	PART
གཉན་	གཉན་	OTHER
། །		PUNCT
བཙུན་མོ་	བཙུན་མོ་	NOUN
བཟང་	བཟང་	VERB
སྡུག་	སྡུག་	VERB
དེ་	སྟེ་	PART
ན་	ལ་	PART
སྡུག་	སྡུག་	VERB
།		PUNCT
རྒྱལ་	རྒྱལ་	VERB
ལྕམ་	ལྕམ་	NOUN
དག་	དག་	DET
ཀྱང་	ཀྱང་	PART
འཕན་	འཕན་	NOUN
ཅིག་	ཅིག་	PART
གྲག་	གྲག་	VERB
། །		PUNCT
དེ་	སྟེ་	PART
ན་	ལ་	PART
མི་	མི་	PART
བཟང་	བཟང་	VERB
རྟ་	རྟ་	NOUN
རེ་	རེ་	DET
འགྱོག་	འགྱོག་	NO_POS
། །		PUNCT
དེ་	སྟེ་	PART
ན་	ལ་	PART
མཛེས་སྡུག་	མཛེས་སྡུག་	OTHER
གཏམ་	གཏམ་	NOUN
རེ་	རེ་	DET
མཁའ་	མཁའ་	VERB
། །		PUNCT
དེ་	སྟེ་	PART
ན་	ལ་	PART
འཁོར་	འཁོར་	NOUN
མང་	མང་	VERB
གཡོག་	གཡོག་	NOUN
རེ་	རེ་	DET
དགའ་	དགའ་	VERB
། །		PUNCT
སྡེ་བརྒྱད་	སྡེ་བརྒྱད་	OTHER
ཁྲཾ་		NON_WORD
ཁ་	ཁ་	PRON
དེ་	སྟེ་	PART
རུ་	ལ་	PART
བསྒྱུར་	བསྒྱུར་	VERB
། །		PUNCT
སྤྱན་	སྤྱན་	NOUN
གྱིས་	གིས་	PART
རུ་	ལ་	PART
ཡོགས་	ཡོགས་	NO_POS
དེ་	སྟེ་	PART
རུ་	ལ་	PART
གཟིགས་	གཟིགས་	VERB
། །		PUNCT
ཕྱག་	ཕྱག་	NOUN
གིས་	གིས་	PART
སོར་རྡོ་	སོར་རྡོ་	NO_POS
དེ་	སྟེ་	PART
རུ་	ལ་	PART
ཐོབ་	ཐོབ་	VERB
། །		PUNCT
ལྗགས་	ལྗགས་	NOUN
ཀྱིས་	གིས་	PART
མཆིལ་	མཆིལ་	NO_POS
ཐབས་	ཐབས་	NOUN
དེ་	སྟེ་	PART
རུ་	ལ་	PART
སྐུ་	སྐུ་	NOUN
། །		PUNCT
ཐུགས་	ཐུགས་	NOUN
ཀྱིས་	གིས་	PART
གནག་པ་	གནག་པ་	VERB
དེ་	སྟེ་	PART
རུ་	ལ་	PART
ཆོ་	ཆོ་	NOUN
། །		PUNCT
ཞལ་	ཞལ་	NOUN
གྱིས་	གིས་	PART
འདེམ་		NON_WORD
སྐུགས་	སྐུགས་	NO_POS
དེ་	སྟེ་	PART
རུ་	ལ་	PART
སྐྱོལ་	སྐྱོལ་	VERB
། །		PUNCT
མགྱོགས་	མགྱོགས་	VERB
ཀྱིས་	གིས་	PART
ཆིབས་ཁ་	ཆིབས་ཁ་	NO_POS
དེ་	སྟེ་	PART
རུ་	ལ་	PART
སྒྱུ་	སྒྱུ་	VERB
། །		PUNCT
ཚ་ཚ་	ཚ་ཚ་	NOUN
བརྒྱ་	བརྒྱ་	NUM
དང་	དང་	NO_POS
མདོ་	མདོ་	NOUN
ཚ་	ཚ་	VERB
བརྒྱ་	བརྒྱ་	NUM
། །		PUNCT
སྐྱེས་པ་ཕོ་	སྐྱེས་པ་ཕོ་	NO_POS
ཡི་	གི་	PART
ངན་པ་	ངན་པ་	VERB
བཟློག་	བཟློག་	VERB
།		PUNCT
ངར་མི་	ངར་མི་	NO_POS
བརྒྱ་	བརྒྱ་	NUM
དང་	དང་	NO_POS
ཆབས་	ཆབས་	NO_POS
གཏོ་	གཏོ་	VERB
བརྒྱ་	བརྒྱ་	NUM
། །		PUNCT
ཟ་མ་མོ་	ཟ་མ་མོ་	OTHER
ཡི་	གི་	PART
ངན་པ་	ངན་པ་	VERB
བཟློག་	བཟློག་	VERB
།		PUNCT
ལྷ་བཤོས་	ལྷ་བཤོས་	NO_POS
བརྒྱ་	བརྒྱ་	NUM
དང་	དང་	NO_POS
ཞུ་	ཞུ་	VERB
མེ་	མེ་	NOUN
ར་	ལ་	PART
བརྒྱ་	བརྒྱ་	NUM
། །		PUNCT
བྱིས་པ་	བྱིས་པ་	NOUN
ཆུང་	ཆུང་	VERB
གིས་	གིས་	PART
ངན་པ་	ངན་པ་	VERB
བཟློག་	བཟློག་	VERB
།		PUNCT
ནོར་	ནོར་	NOUN
དང་	དང་	NO_POS
རྫ་	རྫ་	NOUN
ཀྱིས་	གིས་	PART
ངན་པ་	ངན་པ་	VERB
བཟློག་	བཟློག་	VERB
།		PUNCT
བྷྱཽ་		NON_WORD
བྷྱཽ་		NON_WORD
སྡང་བ་	སྡང་བ་	VERB
འི་	གི་	PART
དགྲ་	དགྲ་	NOUN
ལ་	ལ་	PART
བྷྱཽ་		NON_WORD
། །		PUNCT
ཟོ་		
ཟོ་		
གནོད་པ་	གནོད་པ་	VERB
འི་	གི་	PART
བགེགས་	བགེགས་	NOUN
ལ་	ལ་	PART
ཟོ་		
། །		PUNCT
ལྷོ་	ལྷོ་	NOUN
འི་	གི་	PART
དགྲ་	དགྲ་	NOUN
དང་	དང་	NO_POS
བགེགས་	བགེགས་	NOUN
བཟློག་	བཟློག་	VERB
ཅིག་	ཅིག་	PART
།		PUNCT
གཤིན་རྗེ་	གཤིན་རྗེ་	OTHER
འི་	གི་	PART
དམག་དཔུང་	དམག་དཔུང་	NO_POS
བརྒྱ་	བརྒྱ་	NUM
བཞི་	བཞི་	NUM
འདི་	འདི་	DET
བཟློག་	བཟློག་	VERB
ཅིག་	ཅིག་	PART
།		PUNCT
ཨོཾ་པ་	ཨོཾ་པ་	X
ར་	ར་	ADP
ཙཀྲ་	ཙཀྲ་	NO_POS
ཧྲི་		NON_WORD
ཏི་	ཏི་	NO_POS
ཡ་མ་	ཡ་མ་	NO_POS
ར་	ར་	ADP
ཙ་	ཙ་	NOUN
ཨ་པ་	ཨ་པ་	OTHER
ན་	ལ་	PART
ཡེ་	ཡེ་	ADV
སྭཱ་		NON_WORD
ཧཱ་		NON_WORD
།		PUNCT
ལྟས་ངན་	ལྟས་ངན་	NOUN
གྱིས་	གིས་	PART
འཇིགས་པ་	འཇིགས་པ་	VERB
ལྟས་ངན་	ལྟས་ངན་	NOUN
རང་	རང་	PRON
ལ་	ལ་	PART
སྡིག་	སྡིག་	NOUN
ཅིག་	ཅིག་	PART
སྭཱ་		NON_WORD
ཧཱ་		NON_WORD
། །		PUNCT
ཡོན་བདག་	ཡོན་བདག་	NOUN
རྣམས་	རྣམས་	DET
ལ་	ལ་	PART
གང་	གང་	NO_POS
འཚེ་བ་	འཚེ་བ་	VERB
། །		PUNCT
བརྒྱ་	བརྒྱ་	NUM
བཞི་	བཞི་	NUM
འདི་	འདི་	DET
ཡི་	གིས་	PART
བཟློག་པ་	བཟློག་པ་	VERB
ར་	ལ་	PART
མཛོད་	མཛོད་	NOUN
། །		PUNCT
ཡོན་བདག་	ཡོན་བདག་	NOUN
སྐྱེས་པ་	སྐྱེས་པ་	VERB
ཁྱོ་ག་	ཁྱོ་ག་	NOUN
ལ་	ལ་	PART
། །		PUNCT
ཡ་		
ཀྱིས་	གིས་	PART
བདུད་	བདུད་	NOUN
གཡོ་	གཡོ་	VERB
འདི་	འདི་	DET
ཡི་	གིས་	PART
བཟློག་	བཟློག་	VERB
།		PUNCT
རྒྱུ་	རྒྱུ་	NOUN
སྦྱོར་	སྦྱོར་	VERB
ཟ་མ་	ཟ་མ་	NOUN
བུད་མེད་	བུད་མེད་	NOUN
ལ་	ལ་	PART
		
།		PUNCT
མ་	མ་	OTHER
ཀྱིས་	གིས་	PART
སྲི་	སྲི་	NO_POS
ལངས་	ལངས་	VERB
		
།		PUNCT
ཕ་	ཕ་	NOUN
ཀྱིས་	གིས་	PART
བཙན་	བཙན་	VERB
རོལ་	རོལ་	VERB
		
།		PUNCT
རྒྱ་གར་	རྒྱ་གར་	PROPN
ངན་སྔགས་	ངན་སྔགས་	NOUN
		
།		PUNCT
བལ་པོ་	བལ་པོ་	PROPN
འི་	གི་	PART
ཐུན་	ཐུན་	NOUN
ཟོ་		
		
།		PUNCT
ཞང་ཞུང་	ཞང་ཞུང་	PROPN
རྩོ་		NON_WORD
ཟོ་		
		
།		PUNCT
སུམ་པ་	སུམ་པ་	PROPN
འི་	གི་	PART
གླང་	གླང་	NOUN
ཟོ་		
		
།		PUNCT
གཤིན་རྗེ་	གཤིན་རྗེ་	OTHER
འི་	གི་	PART
འཁོར་ལོ་	འཁོར་ལོ་	NOUN
		
།		PUNCT
མ་མོ་	མ་མོ་	NOUN
འི་	གི་	PART
རྦོད་	རྦོད་	NO_POS
སྟོང་	སྟོང་	NUM
		
།		PUNCT
ཀླུ་གཉན་	ཀླུ་གཉན་	OTHER
གཏད་	གཏད་	VERB
ཁྲཾ་		NON_WORD
		
།		PUNCT
རྣལ་འབྱོར་	རྣལ་འབྱོར་	NOUN
དམ་སྲི་	དམ་སྲི་	NO_POS
		
།		PUNCT
ཕ་ཁུ་	ཕ་ཁུ་	NO_POS
འི་	གི་	PART
རྒན་	རྒན་	NOUN
སྲིད་	སྲིད་	NOUN
		
།		PUNCT
མ་བུ་	མ་བུ་	NOUN
འི་	གི་	PART
བྱུར་	བྱུར་	NO_POS
སྲི་	སྲི་	NO_POS
		
།		PUNCT
བྱིས་པ་	བྱིས་པ་	NOUN
འི་	གི་	PART
ཆུང་སྲི་	ཆུང་སྲི་	NO_POS
		
།		PUNCT
བདུད་	བདུད་	NOUN
ཀྱི་	གི་	PART
ཁྲམ་	ཁྲམ་	NO_POS
ཁ་	ཁ་	PRON
		
།		PUNCT
བཙན་	བཙན་	VERB
གྱི་	གི་	PART
རྒྱལ་ཁ་	རྒྱལ་ཁ་	OTHER
		
།		PUNCT
རྒྱལ་པོ་	རྒྱལ་པོ་	NOUN
འི་	གི་	PART
ཆོ་འཕྲུལ་	ཆོ་འཕྲུལ་	NOUN
		
།		PUNCT
མ་མོ་	མ་མོ་	NOUN
འི་	གི་	PART
དལ་	དལ་	NOUN
ཡམ་	ཡམ་	NO_POS
		
།		PUNCT
ས་བདག་	ས་བདག་	NOUN
འཆིབ་	འཆིབ་	NO_POS
ཁ་	ཁ་	PRON
		
།		PUNCT
ལོ་སྐེག་	ལོ་སྐེག་	NO_POS
ཟླ་	ཟླ་	NOUN
སྐེག་	སྐེག་	NO_POS
		
།		PUNCT
ཞག་	ཞག་	NOUN
སྐེག་	སྐེག་	NO_POS
ཟ་	ཟ་	VERB
སྐེག་	སྐེག་	NO_POS
		
།		PUNCT
མ་	མ་	PART
ཉེ་	ཉེ་	VERB
ས་	གིས་	PART
ཁ་ཡོག་	ཁ་ཡོག་	NO_POS
		
།		PUNCT
སྡང་བ་	སྡང་བ་	VERB
འི་	གི་	PART
དགྲ་	དགྲ་	NOUN
རྣམས་	རྣམས་	DET
		
།		PUNCT
ཆོས་པ་	ཆོས་པ་	NOUN
འི་	གི་	PART
ཆོ་	ཆོ་	NOUN
ཟོ་		
		
།		PUNCT
བོན་པོ་	བོན་པོ་	NOUN
འི་	གི་	PART
བོན་	བོན་	NO_POS
ཟོ་		
		
།		PUNCT
དགྲ་	དགྲ་	NOUN
རྐུན་	རྐུན་	NO_POS
སྡང་བ་	སྡང་བ་	VERB
		
།		PUNCT
སྐྱེ་བོ་	སྐྱེ་བོ་	NOUN
འི་	གི་	PART
ཡ་ག་	ཡ་ག་	NO_POS
		
།		PUNCT
རིམས་ནད་	རིམས་ནད་	NOUN
འགོ་ནད་	འགོ་ནད་	NO_POS
		
།		PUNCT
ཕྱུགས་	ཕྱུགས་	NOUN
ཀྱིས་	གིས་	PART
རྒོད་	རྒོད་	NOUN
ཁ་	ཁ་	PRON
		
།		PUNCT
གཟའ་སྐར་	གཟའ་སྐར་	OTHER
ངན་པ་	ངན་པ་	VERB
འདི་	འདི་	DET
		
།		PUNCT
མ་	མ་	PART
ཉེ་	ཉེ་	VERB
ས་	གིས་	PART
ཁ་ཡོག་	ཁ་ཡོག་	NO_POS
		
།		PUNCT
རྨི་ལམ་	རྨི་ལམ་	NOUN
ངན་པ་	ངན་པ་	VERB
		
།		PUNCT
མཚན་མ་	མཚན་མ་	NOUN
ངན་པ་	ངན་པ་	VERB
		
།		PUNCT
སྤྲ་	སྤྲ་	NO_POS
ངན་	ངན་	VERB
སྲོག་	སྲོག་	NOUN
སྡིག་	སྡིག་	NOUN
		
།		PUNCT
ངན་དགུ་	ངན་དགུ་	NO_POS
དུག་	དུག་	NOUN
ཆུ་	ཆུ་	NOUN
		
།		PUNCT
ཉམས་	ཉམས་	NOUN
ཆགས་	ཆགས་	VERB
ཆེ་བ་	ཆེ་བ་	VERB
		
།		PUNCT
སྐེག་	སྐེག་	NO_POS
ཆེན་	ཆེན་	NO_POS
གཡོས་པ་	གཡོས་པ་	VERB
ཐམས་ཅད་	ཐམས་ཅད་	DET
འདི་	འདི་	DET
ཡི་	གིས་	PART
བཟློག་	བཟློག་	VERB
།		PUNCT
ངར་མི་	ངར་མི་	NO_POS
འདི་	འདི་	DET
ལ་	ལ་	PART
བཀྲ་ཤིས་	བཀྲ་ཤིས་	NOUN
ཏེ་	སྟེ་	PART
། །		PUNCT
ཉི་མ་	ཉི་མ་	NOUN
ལྷོ་	ལྷོ་	NOUN
ཡི་	གིས་	PART
ཕྱོགས་	ཕྱོགས་	NOUN
སུ་	ལ་	PART
བཟློག་	བཟློག་	VERB
གོ་	གོ་	PART
བསྒྱུར་	བསྒྱུར་	VERB
རོ་	རོ་	NOUN
། །		PUNCT
བྷྱཽ་		NON_WORD
བྷྱཽ་		NON_WORD
ཕྱོགས་ཕྱོགས་	ཕྱོགས་ཕྱོགས་	NO_POS
འདི་	འདི་	DET
ནི་	ནི་	NO_POS
ཕ་གི་	ཕ་གི་	DET
ན་	ལ་	PART
། །		PUNCT
ཉི་མ་	ཉི་མ་	NOUN
ནུབ་ཕྱོགས་	ནུབ་ཕྱོགས་	NOUN
ཕ་གི་	ཕ་གི་	DET
ན་	ལ་	PART
། །		PUNCT
ཡུལ་	ཡུལ་	NOUN
ཡང་	ཀྱང་	PART
དམར་པོ་	དམར་པོ་	ADJ
ཟངས་	ཟངས་	NOUN
ཀྱི་	གི་	PART
ཡུལ་	ཡུལ་	NOUN
། །		PUNCT
མཁའ་	མཁའ་	NOUN
ཡང་	ཀྱང་	PART
དམར་པོ་	དམར་པོ་	ADJ
ཟངས་	ཟངས་	NOUN
ཀྱི་	གི་	PART
མཁའ་	མཁའ་	NOUN
། །		PUNCT
དམར་པོ་	དམར་པོ་	ADJ
ཟངས་	ཟངས་	NOUN
མཁའ་	མཁའ་	NOUN
ལྡེམས་		NON_WORD
སེ་	སེ་	NO_POS
ལྡེམས་		NON_WORD
། །		PUNCT
དུང་	དུང་	NOUN
གི་	གི་	PART
ཁ་བད་	ཁ་བད་	NO_POS
ཆ་ར་	ཆ་ར་	NO_POS
ར་	ར་	ADP
། །		PUNCT
མཆོང་	མཆོང་	VERB
གི་	གི་	PART
སྒོ་མོ་	སྒོ་མོ་	NOUN
ཐབས་	ཐབས་	NOUN
སེ་	སེ་	NO_POS
ཐབས་	ཐབས་	NOUN
། །		PUNCT
སྐུ་མཁར་	སྐུ་མཁར་	NOUN
དེ་	དེ་	DET
འི་	གི་	PART
ནང་	ནང་	NOUN
ཤེད་	ཤེད་	NOUN
ན་	ལ་	PART
། །		PUNCT
མངའ་བདག་	མངའ་བདག་	NOUN
རྒྱལ་པོ་	རྒྱལ་པོ་	NOUN
སུ་	ལ་	PART
བཞུགས་	བཞུགས་	VERB
ན་	ལ་	PART
། །		PUNCT
རྒྱལ་པོ་	རྒྱལ་པོ་	NOUN
ཆེན་པོ་	ཆེན་པོ་	ADJ
སྤྱན་	སྤྱན་	NOUN
མི་	མི་	PART
བཟང་	བཟང་	VERB
། །		PUNCT
སྐུ་མདོག་	སྐུ་མདོག་	NOUN
དམར་པོ་	དམར་པོ་	ADJ
འོད་ཟེར་	འོད་ཟེར་	NOUN
འཕྲོ་	འཕྲོ་	NOUN
། །		PUNCT
དབུ་	དབུ་	NOUN
ལ་	ལ་	PART
ལེབ་	ལེབ་	NO_POS
རྒན་	རྒན་	NOUN
རྨོག་ཞུ་	རྨོག་ཞུ་	NO_POS
གསོལ་	གསོལ་	VERB
། །		PUNCT
ལུས་	ལུས་	NOUN
ལ་	ལ་	PART
བསེ་ཁྲབ་	བསེ་ཁྲབ་	NO_POS
དམར་པོ་	དམར་པོ་	ADJ
གསོལ་	གསོལ་	VERB
། །		PUNCT
ཕྱག་	ཕྱག་	NOUN
ན་	ལ་	PART
སྦྲུལ་	སྦྲུལ་	NOUN
ཞག་	ཞག་	NOUN
འབར་བ་	འབར་བ་	VERB
བསྣམས་	བསྣམས་	NO_POS
། །		PUNCT
ཀླུ་	ཀླུ་	NOUN
གདོན་	གདོན་	NOUN
འབུམ་	འབུམ་	NUM
གྱི་	གི་	PART
འཁོར་	འཁོར་	NOUN
གྱིས་	གིས་	PART
བསྐོར་	བསྐོར་	VERB
། །		PUNCT
ས་བདག་	ས་བདག་	NOUN
དམག་དཔུང་	དམག་དཔུང་	NO_POS
སྟོང་	སྟོང་	NUM
གིས་	གིས་	PART
བསྐོར་	བསྐོར་	VERB
། །		PUNCT
རྒྱལ་པོ་	རྒྱལ་པོ་	NOUN
གཉན་	གཉན་	OTHER
སྟེ་	སྟེ་	PART
དེ་	སྟེ་	PART
ན་	ལ་	PART
གཉན་	གཉན་	OTHER
། །		PUNCT
བཙུན་མོ་	བཙུན་མོ་	NOUN
བཟང་	བཟང་	VERB
སྡུག་	སྡུག་	VERB
དེ་	སྟེ་	PART
ན་	ལ་	PART
སྡུག་	སྡུག་	VERB
།		PUNCT
རྒྱལ་	རྒྱལ་	VERB
ལྕམ་	ལྕམ་	NOUN
དག་	དག་	DET
ཀྱང་	ཀྱང་	PART
འཕན་	འཕན་	NOUN
ཅིག་	ཅིག་	PART
གྲག་	གྲག་	VERB
། །		PUNCT
དེ་	སྟེ་	PART
ན་	ལ་	PART
མི་	མི་	PART
བཟང་	བཟང་	VERB
རྟ་	རྟ་	NOUN
རེ་	རེ་	DET
མགྱོགས་	མགྱོགས་	VERB
། །		PUNCT
དེ་	སྟེ་	PART
ན་	ལ་	PART
མཛེས་སྡུག་	མཛེས་སྡུག་	OTHER
གཏམ་	གཏམ་	NOUN
རེ་	རེ་	DET
མཁའ་	མཁའ་	VERB
། །		PUNCT
དེ་	སྟེ་	PART
ན་	ལ་	PART
འཁོར་	འཁོར་	NOUN
མང་	མང་	VERB
གཡོག་	གཡོག་	NOUN
རེ་	རེ་	DET
དགའ་	དགའ་	VERB
། །		PUNCT
སྡེ་བརྒྱད་	སྡེ་བརྒྱད་	OTHER
ཁྲཾ་		NON_WORD
ཁ་	ཁ་	PRON
དེ་	སྟེ་	PART
རུ་	ལ་	PART
བསྒྱུར་	བསྒྱུར་	VERB
། །		PUNCT
སྤྱན་	སྤྱན་	NOUN
གྱིས་	གིས་	PART
རུ་	ལ་	PART
ཡོགས་	ཡོགས་	NO_POS
དེ་	སྟེ་	PART
རུ་	ལ་	PART
གཟིགས་	གཟིགས་	VERB
། །		PUNCT
ཕྱག་	ཕྱག་	NOUN
གིས་	གིས་	PART
སོར་རྡོ་	སོར་རྡོ་	NO_POS
དེ་	སྟེ་	PART
རུ་	ལ་	PART
ཐོབ་	ཐོབ་	VERB
། །		PUNCT
ལྗགས་	ལྗགས་	NOUN
ཀྱིས་	གིས་	PART
མཆིལ་	མཆིལ་	NO_POS
ཐབས་	ཐབས་	NOUN
དེ་	སྟེ་	PART
རུ་	ལ་	PART
སྒྱུ་	སྒྱུ་	VERB
། །		PUNCT
ཐུགས་	ཐུགས་	NOUN
ཀྱི་	གི་	PART
གནག་པ་	གནག་པ་	VERB
དེ་	སྟེ་	PART
རུ་	ལ་	PART
ཆོ་	ཆོ་	NOUN
། །		PUNCT
ཞལ་	ཞལ་	NOUN
གྱིས་	གིས་	PART
འདེམ་		NON_WORD
སྐུགས་	སྐུགས་	NO_POS
དེ་	སྟེ་	PART
རུ་	ལ་	PART
སྐྱོལ་	སྐྱོལ་	VERB
། །		PUNCT
འགྱོགས་་	འགྱོགས་པ་	NO_POS
འི་	གི་	PART
ཆིབས་ཁ་	ཆིབས་ཁ་	NO_POS
དེ་	སྟེ་	PART
རུ་	ལ་	PART
སྒྱུ་	སྒྱུ་	VERB
། །		PUNCT
ཚ་ཚ་	ཚ་ཚ་	NOUN
བརྒྱ་	བརྒྱ་	NUM
དང་	དང་	NO_POS
མདོ་	མདོ་	NOUN
ཚ་	ཚ་	VERB
བརྒྱ་	བརྒྱ་	NUM
། །		PUNCT
སྐྱེས་པ་ཕོ་	སྐྱེས་པ་ཕོ་	NO_POS
ཡི་	གི་	PART
ངན་པ་	ངན་པ་	VERB
བཟློག་	བཟློག་	VERB
།		PUNCT
ངར་མི་	ངར་མི་	NO_POS
བརྒྱ་	བརྒྱ་	NUM
དང་	དང་	NO_POS
ཆབ་གཏོར་	ཆབ་གཏོར་	OTHER
བརྒྱ་	བརྒྱ་	NUM
། །		PUNCT
ཟ་མ་མོ་	ཟ་མ་མོ་	OTHER
ཡི་	གི་	PART
ངན་པ་	ངན་པ་	VERB
ཟློག་	ཟློག་	VERB
།		PUNCT
ལྷ་བཤོས་	ལྷ་བཤོས་	NO_POS
བརྒྱ་	བརྒྱ་	NUM
དང་	དང་	NO_POS
ཞུ་	ཞུ་	VERB
མེ་	མེ་	NOUN
བརྒྱ་	བརྒྱ་	NUM
། །		PUNCT
བྱིས་པ་	བྱིས་པ་	NOUN
ཆུང་	ཆུང་	VERB
གི་	གི་	PART
ངན་པ་	ངན་པ་	VERB
བཟློག་	བཟློག་	VERB
།		PUNCT
ནོར་	ནོར་	NOUN
དང་	དང་	NO_POS
རྫ་	རྫ་	NOUN
ཀྱིས་	གིས་	PART
ངན་པ་	ངན་པ་	VERB
བཟློག་	བཟློག་	VERB
།		PUNCT
བྷྱཽ་		NON_WORD
བྷྱཽ་		NON_WORD
སྡང་བ་	སྡང་བ་	VERB
འི་	གི་	PART
དགྲ་	དགྲ་	NOUN
ལ་	ལ་	PART
བྷྱཽ་		NON_WORD
། །		PUNCT
ཟོ་		
ཟོ་		
གནོད་པ་	གནོད་པ་	VERB
འི་	གི་	PART
བགེགས་	བགེགས་	NOUN
ལ་	ལ་	PART
ཟོ་		
། །		PUNCT
ནུབ་	ནུབ་	ADV
ཀྱི་	གི་	PART
དགྲ་	དགྲ་	NOUN
དང་	དང་	NO_POS
བགེགས་	བགེགས་	NOUN
བཟློག་	བཟློག་	VERB
ཅིག་	ཅིག་	PART
།		PUNCT
ཀླུ་	ཀླུ་	NOUN
ཡི་	གི་	PART
དམག་དཔུང་	དམག་དཔུང་	NO_POS
བརྒྱ་	བརྒྱ་	NUM
བཞི་	བཞི་	NUM
འདི་	འདི་	DET
བཟློག་	བཟློག་	VERB
ཅིག་	ཅིག་	PART
།		PUNCT
ཨོཾ་པ་	ཨོཾ་པ་	X
ར་	ར་	ADP
ཙཀྲ་	ཙཀྲ་	NO_POS
ཧྲི་		NON_WORD
ཏི་	ཏི་	NO_POS
ཡ་མ་	ཡ་མ་	NO_POS
ར་	ར་	ADP
ཙ་	ཙ་	NOUN
ཨ་པ་	ཨ་པ་	OTHER
ན་	ལ་	PART
ཡེ་	ཡེ་	ADV
སྭཱ་		NON_WORD
ཧཱ་		NON_WORD
།		PUNCT
ལྟས་ངན་	ལྟས་ངན་	NOUN
གྱི་	གི་	PART
འཇིགས་པ་	འཇིགས་པ་	VERB
ལྟས་ངན་	ལྟས་ངན་	NOUN
རང་	རང་	PRON
ལ་	ལ་	PART
སྡིག་	སྡིག་	NOUN
ཅིག་	ཅིག་	PART
སྭཱ་		NON_WORD
ཧཱ་		NON_WORD
།		PUNCT
ཡོན་བདག་	ཡོན་བདག་	NOUN
རྣམས་	རྣམས་	DET
ལ་	ལ་	PART
གང་	གང་	NO_POS
འཚེ་བ་	འཚེ་བ་	VERB
། །		PUNCT
བརྒྱ་	བརྒྱ་	NUM
བཞི་	བཞི་	NUM
འདི་	འདི་	DET
ཡི་	གིས་	PART
བཟློག་པ་	བཟློག་པ་	VERB
ར་	ལ་	PART
མཛོད་	མཛོད་	NOUN
། །		PUNCT
ཡོན་བདག་	ཡོན་བདག་	NOUN
སྐྱེས་པ་	སྐྱེས་པ་	VERB
ཁྱོ་ག་	ཁྱོ་ག་	NOUN
ལ་	ལ་	PART
། །		PUNCT
ཡ་		
ཀྱིས་	གིས་	PART
བདུད་	བདུད་	NOUN
གཡོ་	གཡོ་	VERB
འདི་	འདི་	DET
ཡི་	གིས་	PART
བཟློག་	བཟློག་	VERB
།		PUNCT
རྒྱུ་	རྒྱུ་	NOUN
སྦྱོར་	སྦྱོར་	VERB
ཟ་མ་	ཟ་མ་	NOUN
བུད་མེད་	བུད་མེད་	NOUN
ལ་	ལ་	PART
། །		PUNCT
མ་	མ་	OTHER
ཀྱིས་	གིས་	PART
སྲི་	སྲི་	NO_POS
ལངས་	ལངས་	VERB
འདི་	འདི་	DET
ཡི་	གིས་	PART
བཟློག་	བཟློག་	VERB
།		PUNCT
ཕ་	ཕ་	NOUN
ཀྱིས་	གིས་	PART
བཙན་	བཙན་	VERB
རོལ་	རོལ་	VERB
		
།		PUNCT
རྒྱ་གར་	རྒྱ་གར་	PROPN
ངན་སྔགས་	ངན་སྔགས་	NOUN
		
།		PUNCT
བལ་པོ་	བལ་པོ་	PROPN
འི་	གི་	PART
ཐུན་	ཐུན་	NOUN
ཟོ་		
		
།		PUNCT
ཞང་ཞུང་	ཞང་ཞུང་	PROPN
རྩོ་		NON_WORD
ཟོ་		
		
།		PUNCT
སུམ་པ་	སུམ་པ་	PROPN
འི་	གི་	PART
གླང་	གླང་	NOUN
ཟོ་		
		
།		PUNCT
གཤིན་རྗེ་	གཤིན་རྗེ་	OTHER
འི་	གི་	PART
འཁོར་ལོ་	འཁོར་ལོ་	NOUN
		
།		PUNCT
མ་མོ་	མ་མོ་	NOUN
འི་	གི་	PART
རྦོད་	རྦོད་	NO_POS
སྟོང་	སྟོང་	NUM
		
།		PUNCT
ཀླུ་གཉན་	ཀླུ་གཉན་	OTHER
གཏད་	གཏད་	VERB
ཁྲཾ་		NON_WORD
		
།		PUNCT
རྣལ་འབྱོར་	རྣལ་འབྱོར་	NOUN
དམ་སྲི་	དམ་སྲི་	NO_POS
		
།		PUNCT
ཕ་ཁུ་	ཕ་ཁུ་	NO_POS
འི་	གི་	PART
རྒན་	རྒན་	NOUN
སྲི་	སྲི་	NO_POS
		
།		PUNCT
མ་བུ་	མ་བུ་	NOUN
འི་	གི་	PART
བྱུར་	བྱུར་	NO_POS
སྲི་	སྲི་	NO_POS
		
།		PUNCT
བྱིས་པ་	བྱིས་པ་	NOUN
འི་	གི་	PART
ཆུང་སྲི་	ཆུང་སྲི་	NO_POS
		
།		PUNCT
བདུད་	བདུད་	NOUN
ཀྱི་	གི་	PART
ཁྲཾ་		NON_WORD
ཁ་	ཁ་	PRON
		
།		PUNCT
བཙན་	བཙན་	VERB
གྱི་	གི་	PART
རྒྱལ་ཁ་	རྒྱལ་ཁ་	OTHER
		
།		PUNCT
རྒྱལ་པོ་	རྒྱལ་པོ་	NOUN
འི་	གི་	PART
ཆོ་འཕྲུལ་	ཆོ་འཕྲུལ་	NOUN
		
།		PUNCT
མ་མོ་	མ་མོ་	NOUN
འི་	གི་	PART
དལ་	དལ་	NOUN
ཡཾ་		NON_WORD
		
།		PUNCT
ས་བདག་	ས་བདག་	NOUN
འཆིབ་	འཆིབ་	NO_POS
ཁ་	ཁ་	PRON
		
།		PUNCT
ལོ་སྐེག་	ལོ་སྐེག་	NO_POS
ཟླ་	ཟླ་	NOUN
སྐེག་	སྐེག་	NO_POS
		
།		PUNCT
ཞག་	ཞག་	NOUN
སྐེག་	སྐེག་	NO_POS
ཟ་	ཟ་	VERB
སྐེག་	སྐེག་	NO_POS
		
།		PUNCT
མ་	མ་	PART
ཉེ་	ཉེ་	VERB
ས་	གིས་	PART
ཁ་ཡོག་	ཁ་ཡོག་	NO_POS
		
།		PUNCT
སྡང་བ་	སྡང་བ་	VERB
འི་	གི་	PART
དགྲ་	དགྲ་	NOUN
རྣམས་	རྣམས་	DET
		
།		PUNCT
ཆོས་པ་	ཆོས་པ་	NOUN
འི་	གི་	PART
ཆོ་	ཆོ་	NOUN
ཟོ་		
		
།		PUNCT
བོན་པོ་	བོན་པོ་	NOUN
འི་	གི་	PART
བོན་	བོན་	NO_POS
ཟོ་		
		
།		PUNCT
དགྲ་	དགྲ་	NOUN
རྐུན་	རྐུན་	NO_POS
སྡང་བ་	སྡང་བ་	VERB
		
།		PUNCT
སྐྱེ་བོ་	སྐྱེ་བོ་	NOUN
འི་	གི་	PART
ཡ་ག་	ཡ་ག་	NO_POS
		
།		PUNCT
རིམས་ནད་	རིམས་ནད་	NOUN
འགོ་ནད་	འགོ་ནད་	NO_POS
		
།		PUNCT
ཕྱུགས་	ཕྱུགས་	NOUN
ཀྱིས་	གིས་	PART
རྒོད་	རྒོད་	NOUN
ཁ་	ཁ་	PRON
		
།		PUNCT
གཟའ་སྐར་	གཟའ་སྐར་	OTHER
ངན་པ་	ངན་པ་	VERB
		
།		PUNCT
མ་	མ་	PART
ཉེ་	ཉེ་	VERB
ས་	གིས་	PART
ཁ་ཡོག་	ཁ་ཡོག་	NO_POS
		
།		PUNCT
རྨི་ལམ་	རྨི་ལམ་	NOUN
ངན་པ་	ངན་པ་	VERB
		
།		PUNCT
མཚན་མ་	མཚན་མ་	NOUN
ངན་པ་	ངན་པ་	VERB
		
།		PUNCT
སྤྲ་	སྤྲ་	NO_POS
ངན་	ངན་	VERB
སྲོག་	སྲོག་	NOUN
སྡིག་	སྡིག་	NOUN
		
།		PUNCT
ངན་དགུ་	ངན་དགུ་	NO_POS
དུག་	དུག་	NOUN
ཆུ་	ཆུ་	NOUN
		
།		PUNCT
ཉམས་	ཉམས་	NOUN
ཆགས་	ཆགས་	VERB
ཆེ་བ་	ཆེ་བ་	VERB
		
།		PUNCT
སྐེག་	སྐེག་	NO_POS
ཆེན་	ཆེན་	NO_POS
གཡོས་པ་	གཡོས་པ་	VERB
ཐམས་ཅད་	ཐམས་ཅད་	DET
འདི་	འདི་	DET
ཡི་	གིས་	PART
བཟློག་	བཟློག་	VERB
།		PUNCT
ངར་མི་	ངར་མི་	NO_POS
འདི་	འདི་	DET
ལ་	ལ་	PART
བཀྲ་ཤིས་	བཀྲ་ཤིས་	NOUN
སྟེ་	སྟེ་	PART
། །		PUNCT
ཉི་མ་	ཉི་མ་	NOUN
ནུབ་	ནུབ་	ADV
ཀྱི་	གི་	PART
ཕྱོགས་	ཕྱོགས་	NOUN
སུ་	ལ་	PART
བཟློག་	བཟློག་	VERB
གོ་	གོ་	PART
བསྒྱུར་	བསྒྱུར་	VERB
རོ་	རོ་	NOUN
། །		PUNCT
བྷྱཽ་		NON_WORD
ཕྱོགས་ཕྱོགས་	ཕྱོགས་ཕྱོགས་	NO_POS
འདི་	འདི་	DET
ནི་	ནི་	NO_POS
ཕ་གི་	ཕ་གི་	DET
ན་	ལ་	PART
། །		PUNCT
ཉི་མ་	ཉི་མ་	NOUN
བྱང་ཕྱོགས་	བྱང་ཕྱོགས་	NOUN
ཕ་གི་	ཕ་གི་	DET
ན་	ལ་	PART
། །		PUNCT
ཡུལ་	ཡུལ་	NOUN
ཡང་	ཀྱང་	PART
སེར་པོ་	སེར་པོ་	ADJ
གསེར་	གསེར་	NOUN
གྱིས་	གིས་	PART
ཡུལ་	ཡུལ་	NOUN
། །		PUNCT
མཁའ་	མཁའ་	NOUN
ཡང་	ཀྱང་	PART
སེར་པོ་	སེར་པོ་	ADJ
གསེར་	གསེར་	NOUN
གྱི་	གི་	PART
མཁའ་	མཁའ་	NOUN
། །		PUNCT
གཡུ་	གཡུ་	NOUN
ཡི་	གི་	PART
ཁ་བད་	ཁ་བད་	NO_POS
ཆ་ར་	ཆ་ར་	NO_POS
ར་	ར་	ADP
། །		PUNCT
དངུལ་	དངུལ་	NOUN
གྱིས་	གིས་	PART
སྒོ་མོ་	སྒོ་མོ་	NOUN
ཐབས་	ཐབས་	NOUN
སེ་	སེ་	NO_POS
ཐབས་	ཐབས་	NOUN
། །		PUNCT
སྐུ་མཁར་	སྐུ་མཁར་	NOUN
དེ་	སྟེ་	PART
ནི་	ནི་	NO_POS
ནང་	ནང་	NOUN
ཤེད་	ཤེད་	NOUN
ན་	ལ་	PART
། །		PUNCT
མངའ་བདག་	མངའ་བདག་	NOUN
རྒྱལ་པོ་	རྒྱལ་པོ་	NOUN
སུ་	ལ་	PART
བཞུགས་	བཞུགས་	VERB
ན་	ལ་	PART
། །		PUNCT
རྒྱལ་པོ་	རྒྱལ་པོ་	NOUN
ཆེན་པོ་	ཆེན་པོ་	ADJ
རྣམ་ཐོས་	རྣམ་ཐོས་	PROPN
སྲ་	སྲ་	NOUN
། །		PUNCT
སྐུ་མདོག་	སྐུ་མདོག་	NOUN
ལྗང་ཁུ་	ལྗང་ཁུ་	NO_POS
འོད་ཟེར་	འོད་ཟེར་	NOUN
འབའ་	འབའ་	VERB
། །		PUNCT
དབུ་	དབུ་	NOUN
ལ་	ལ་	PART
གསེར་	གསེར་	NOUN
གྱིས་	གིས་	PART
རྨོག་ཞུ་	རྨོག་ཞུ་	NO_POS
གསོལ་	གསོལ་	VERB
། །		PUNCT
ལུས་	ལུས་	NOUN
ལ་	ལ་	PART
གསེར་	གསེར་	NOUN
གྱིས་	གིས་	PART
ཁྲབ་	ཁྲབ་	NOUN
ཆེན་	ཆེན་	NO_POS
གསོལ་	གསོལ་	VERB
། །		PUNCT
ཕྱག་	ཕྱག་	NOUN
ན་	ལ་	PART
ནེའུ་ལེ་	ནེའུ་ལེ་	OTHER
འི་	གི་	PART
རྐྱལ་པ་	རྐྱལ་པ་	NO_POS
བསྣམས་	བསྣམས་	NO_POS
།		PUNCT
གནོད་སྦྱིན་	གནོད་སྦྱིན་	NOUN
སྟོང་	སྟོང་	NUM
གིས་	གིས་	PART
འཁོར་	འཁོར་	NOUN
གྱིས་	གིས་	PART
བསྐོར་	བསྐོར་	VERB
། །		PUNCT
རྒྱལ་པོ་	རྒྱལ་པོ་	NOUN
གཉན་	གཉན་	OTHER
སྟེ་	སྟེ་	PART
དེ་	སྟེ་	PART
ན་	ལ་	PART
གཉན་	གཉན་	OTHER
། །		PUNCT
བཙུན་མོ་	བཙུན་མོ་	NOUN
བཟང་	བཟང་	VERB
སྡུག་	སྡུག་	VERB
དེ་	སྟེ་	PART
ན་	ལ་	PART
སྡུག་	སྡུག་	VERB
།		PUNCT
རྒྱལ་	རྒྱལ་	VERB
ལྕམ་	ལྕམ་	NOUN
དག་	དག་	DET
ཀྱང་	ཀྱང་	PART
འཕན་	འཕན་	NOUN
ཅིག་	ཅིག་	PART
གྲག་	གྲག་	VERB
། །		PUNCT
དེ་	སྟེ་	PART
ན་	ལ་	PART
མི་	མི་	PART
བཟང་	བཟང་	VERB
རྟ་	རྟ་	NOUN
རེ་	རེ་	DET
འགྱོག་	འགྱོག་	NO_POS
། །		PUNCT
དེ་	སྟེ་	PART
ན་	ལ་	PART
མཛེས་སྡུག་	མཛེས་སྡུག་	OTHER
གཏམ་	གཏམ་	NOUN
རེ་	རེ་	DET
མཁའ་	མཁའ་	VERB
། །		PUNCT
དེ་	སྟེ་	PART
ན་	ལ་	PART
འཁོར་	འཁོར་	NOUN
མང་	མང་	VERB
གཡོག་	གཡོག་	NOUN
རེ་	རེ་	DET
དགའ་	དགའ་	VERB
། །		PUNCT
སྡེ་བརྒྱད་	སྡེ་བརྒྱད་	OTHER
ཁྲམ་	ཁྲམ་	NO_POS
ཁ་	ཁ་	PRON
དེ་	སྟེ་	PART
རུ་	ལ་	PART
བསྒྱུར་	བསྒྱུར་	VERB
། །		PUNCT
སྤྱན་	སྤྱན་	NOUN
གྱིས་	གིས་	PART
རུ་	ལ་	PART
གཡོགས་	གཡོགས་	VERB
དེ་	སྟེ་	PART
རུ་	ལ་	PART
གཟིགས་	གཟིགས་	VERB
། །		PUNCT
ཕྱག་	ཕྱག་	NOUN
གིས་	གིས་	PART
སོར་རྡོ་	སོར་རྡོ་	NO_POS
དེ་	སྟེ་	PART
རུ་	ལ་	PART
ཐོབ་	ཐོབ་	VERB
། །		PUNCT
ལྗགས་	ལྗགས་	NOUN
ཀྱིས་	གིས་	PART
མཆིལ་	མཆིལ་	NO_POS
ཐབས་	ཐབས་	NOUN
དེ་	སྟེ་	PART
རུ་	ལ་	PART
བསྒྱུར་	བསྒྱུར་	VERB
། །		PUNCT
ཐུགས་	ཐུགས་	NOUN
ཀྱིས་	གིས་	PART
གནག་པ་	གནག་པ་	VERB
དེ་	སྟེ་	PART
རུ་	ལ་	PART
ཆོ་	ཆོ་	NOUN
། །		PUNCT
ཞལ་	ཞལ་	NOUN
གྱིས་	གིས་	PART
འདེམ་		NON_WORD
སྐུགས་	སྐུགས་	NO_POS
དེ་	སྟེ་	PART
རུ་	ལ་	PART
སྐྱོལ་	སྐྱོལ་	VERB
། །		PUNCT
མགྱོགས་	མགྱོགས་	VERB
ཀྱིས་	གིས་	PART
ཆིབས་ཁ་	ཆིབས་ཁ་	NO_POS
དེ་	སྟེ་	PART
རུ་	ལ་	PART
སྒྱུ་	སྒྱུ་	VERB
། །		PUNCT
ཚ་ཚ་	ཚ་ཚ་	NOUN
བརྒྱ་	བརྒྱ་	NUM
དང་	དང་	NO_POS
མདོ་	མདོ་	NOUN
ཚ་	ཚ་	VERB
བརྒྱ་	བརྒྱ་	NUM
། །		PUNCT
སྐྱེས་པ་ཕོ་	སྐྱེས་པ་ཕོ་	NO_POS
ཡི་	གི་	PART
ངན་པ་	ངན་པ་	VERB
		
།		PUNCT
ངར་མི་	ངར་མི་	NO_POS
བརྒྱ་	བརྒྱ་	NUM
དང་	དང་	NO_POS
ཆབ་གཏོར་	ཆབ་གཏོར་	OTHER
བརྒྱ་	བརྒྱ་	NUM
། །		PUNCT
ཟ་མ་མོ་	ཟ་མ་མོ་	OTHER
ལ་	ལ་	PART
ངན་པ་	ངན་པ་	VERB
		
།		PUNCT
ལྷ་བཤོས་	ལྷ་བཤོས་	NO_POS
བརྒྱ་	བརྒྱ་	NUM
དང་	དང་	NO_POS
ཞུ་	ཞུ་	VERB
མེ་	མེ་	NOUN
ར་	ལ་	PART
བརྒྱ་	བརྒྱ་	NUM
། །		PUNCT
བྱིས་པ་	བྱིས་པ་	NOUN
ཆུང་	ཆུང་	VERB
ལ་	ལ་	PART
ངན་པ་	ངན་པ་	VERB
		
།		PUNCT
ནོར་	ནོར་	NOUN
དང་	དང་	NO_POS
རྫ་	རྫ་	NOUN
ལ་	ལ་	PART
ངན་པ་	ངན་པ་	VERB
བཟློག་	བཟློག་	VERB
།		PUNCT
བྷྱཽ་		NON_WORD
བྷྱཽ་		NON_WORD
སྡང་བ་	སྡང་བ་	VERB
འི་	གི་	PART
དགྲ་	དགྲ་	NOUN
ལ་	ལ་	PART
བྷྱཽ་		NON_WORD
། །		PUNCT
ཟོ་		
ཟོ་		
གནོད་པ་	གནོད་པ་	VERB
འི་	གི་	PART
བགེགས་	བགེགས་	NOUN
ལ་	ལ་	PART
ཟོ་		
། །		PUNCT
བྱང་	བྱང་	NOUN
གི་	གི་	PART
ཕྱོགས་	ཕྱོགས་	NOUN
ཀྱི་	གི་	PART
དགྲ་	དགྲ་	NOUN
དང་	དང་	NO_POS
བགེགས་	བགེགས་	NOUN
ལ་	ལ་	PART
བྷྱཽ་		NON_WORD
། །		PUNCT
གནོད་སྦྱིན་	གནོད་སྦྱིན་	NOUN
དམག་དཔུང་	དམག་དཔུང་	NO_POS
བརྒྱ་	བརྒྱ་	NUM
བཞི་	བཞི་	NUM
བསྒྱུར་	བསྒྱུར་	VERB
། །		PUNCT
ཨོཾ་པ་	ཨོཾ་པ་	X
ར་	ར་	ADP
ཙཀྲ་	ཙཀྲ་	NO_POS
ཧྲི་		NON_WORD
ཏི་	ཏི་	NO_POS
ཡ་མ་	ཡ་མ་	NO_POS
ར་	ར་	ADP
ཙ་	ཙ་	NOUN
ཨ་པ་	ཨ་པ་	OTHER
ན་	ལ་	PART
ཡེ་	ཡེ་	ADV
སྭཱ་		NON_WORD
ཧཱ་		NON_WORD
།		PUNCT
ལྟས་ངན་	ལྟས་ངན་	NOUN
གྱིས་	གིས་	PART
འཇིགས་པ་	འཇིགས་པ་	VERB
ལྟས་ངན་	ལྟས་ངན་	NOUN
རང་	རང་	PRON
ལ་	ལ་	PART
སྡིག་	སྡིག་	NOUN
ཅིག་	ཅིག་	PART
སྭཱ་		NON_WORD
ཧཱ་		NON_WORD
།		PUNCT
ཡོན་བདག་	ཡོན་བདག་	NOUN
རྣམས་	རྣམས་	DET
ལ་	ལ་	PART
གང་	གང་	NO_POS
འཚེ་བ་	འཚེ་བ་	VERB
། །		PUNCT
བརྒྱ་	བརྒྱ་	NUM
བཞི་	བཞི་	NUM
འདི་	འདི་	DET
ཡི་	གིས་	PART
བཟློག་པ་	བཟློག་པ་	VERB
ར་	ལ་	PART
མཛོད་	མཛོད་	NOUN
། །		PUNCT
ཡོན་བདག་	ཡོན་བདག་	NOUN
སྐྱེས་པ་	སྐྱེས་པ་	VERB
ཁྱོ་ག་	ཁྱོ་ག་	NOUN
ལ་	ལ་	PART
། །		PUNCT
ཡ་		
ཀྱིས་	གིས་	PART
བདུད་	བདུད་	NOUN
གཡོ་	གཡོ་	VERB
འདི་	འདི་	DET
ཡི་	གིས་	PART
བཟློག་	བཟློག་	VERB
།		PUNCT
རྒྱུ་	རྒྱུ་	NOUN
སྦྱོར་	སྦྱོར་	VERB
ཟ་མ་	ཟ་མ་	NOUN
བུད་མེད་	བུད་མེད་	NOUN
ལ་	ལ་	PART
། །		PUNCT
མ་	མ་	OTHER
ཀྱིས་	གིས་	PART
སྲི་	སྲི་	NO_POS
ལངས་	ལངས་	VERB
		
།		PUNCT
ཕ་	ཕ་	NOUN
ཀྱིས་	གིས་	PART
བཙན་	བཙན་	VERB
རོལ་	རོལ་	VERB
		
།		PUNCT
རྒྱ་གར་	རྒྱ་གར་	PROPN
ངན་སྔགས་	ངན་སྔགས་	NOUN
		
།		PUNCT
བལ་པོ་	བལ་པོ་	PROPN
འི་	གི་	PART
ཐུན་	ཐུན་	NOUN
ཟོ་		
		
།		PUNCT
ཞང་ཞུང་	ཞང་ཞུང་	PROPN
རྩོ་		NON_WORD
ཟོ་		
		
།		PUNCT
སུམ་པ་	སུམ་པ་	PROPN
འི་	གི་	PART
གླང་	གླང་	NOUN
ཟོ་		
		
།		PUNCT
གཤིན་རྗེ་	གཤིན་རྗེ་	OTHER
འི་	གི་	PART
འཁོར་ལོ་	འཁོར་ལོ་	NOUN
		
།		PUNCT
མ་མོ་	མ་མོ་	NOUN
འི་	གི་	PART
རྦོད་	རྦོད་	NO_POS
སྟོང་	སྟོང་	NUM
		
།		PUNCT
ཀླུ་གཉན་	ཀླུ་གཉན་	OTHER
གཏད་	གཏད་	VERB
ཁྲཾ་		NON_WORD
		
།		PUNCT
རྣལ་འབྱོར་	རྣལ་འབྱོར་	NOUN
དམ་སྲི་	དམ་སྲི་	NO_POS
		
།		PUNCT
ཕ་ཁུ་	ཕ་ཁུ་	NO_POS
འི་	གི་	PART
རྒན་	རྒན་	NOUN
སྲི་	སྲི་	NO_POS
		
།		PUNCT
མ་བུ་	མ་བུ་	NOUN
འི་	གི་	PART
བྱུར་	བྱུར་	NO_POS
སྲི་	སྲི་	NO_POS
		
།		PUNCT
བྱིས་པ་	བྱིས་པ་	NOUN
འི་	གི་	PART
ཆུང་སྲི་	ཆུང་སྲི་	NO_POS
		
།		PUNCT
བདུད་	བདུད་	NOUN
ཀྱི་	གི་	PART
ཁྲཾ་		NON_WORD
ཁ་	ཁ་	PRON
		
།		PUNCT
བཙན་	བཙན་	VERB
གྱི་	གི་	PART
རྒྱལ་ཁ་	རྒྱལ་ཁ་	OTHER
		
།		PUNCT
རྒྱལ་པོ་	རྒྱལ་པོ་	NOUN
འི་	གི་	PART
ཆོ་འཕྲུལ་	ཆོ་འཕྲུལ་	NOUN
		
།		PUNCT
མ་མོ་	མ་མོ་	NOUN
འི་	གི་	PART
དལ་	དལ་	NOUN
ཡཾ་		NON_WORD
		
།		PUNCT
ས་བདག་	ས་བདག་	NOUN
འཆིབ་	འཆིབ་	NO_POS
ཁ་	ཁ་	PRON
		
།		PUNCT
ལོ་སྐེག་	ལོ་སྐེག་	NO_POS
ཟླ་	ཟླ་	NOUN
སྐེག་	སྐེག་	NO_POS
		
།		PUNCT
ཞག་	ཞག་	NOUN
སྐེག་	སྐེག་	NO_POS
ཟ་	ཟ་	VERB
སྐེག་	སྐེག་	NO_POS
		
།		PUNCT
མ་	མ་	PART
ཉེ་	ཉེ་	VERB
ས་	གིས་	PART
ཁ་ཡོག་	ཁ་ཡོག་	NO_POS
		
།		PUNCT
སྡང་བ་	སྡང་བ་	VERB
འི་	གི་	PART
དགྲ་	དགྲ་	NOUN
རྣམས་	རྣམས་	DET
		
།		PUNCT
ཆོས་པ་	ཆོས་པ་	NOUN
འི་	གི་	PART
ཆོ་	ཆོ་	NOUN
ཟོ་		
		
།		PUNCT
བོན་པོ་	བོན་པོ་	NOUN
འི་	གི་	PART
བོན་	བོན་	NO_POS
ཟོ་		
		
།		PUNCT
དགྲ་	དགྲ་	NOUN
རྐུན་	རྐུན་	NO_POS
སྡང་བ་	སྡང་བ་	VERB
		
།		PUNCT
སྐྱེ་བོ་	སྐྱེ་བོ་	NOUN
འི་	གི་	PART
ཡ་ག་	ཡ་ག་	NO_POS
		
།		PUNCT
རིམ་	རིམ་	NOUN
ནད་	ནད་	NOUN
འགོ་ནད་	འགོ་ནད་	NO_POS
		
།		PUNCT
ཕྱུགས་	ཕྱུགས་	NOUN
ཀྱིས་	གིས་	PART
རྒོད་	རྒོད་	NOUN
ཁ་	ཁ་	PRON
		
།		PUNCT
གཟའ་སྐར་	གཟའ་སྐར་	OTHER
ངན་པ་	ངན་པ་	VERB
		
།		PUNCT
མ་	མ་	PART
ཉེ་	ཉེ་	VERB
ས་	གིས་	PART
ཁ་ཡོག་	ཁ་ཡོག་	NO_POS
		
།		PUNCT
རྨི་ལམ་	རྨི་ལམ་	NOUN
ངན་པ་	ངན་པ་	VERB
		
།		PUNCT
མཚན་མ་	མཚན་མ་	NOUN
ངན་པ་	ངན་པ་	VERB
		
།		PUNCT
སྤྲ་	སྤྲ་	NO_POS
ངན་	ངན་	VERB
སྲོག་	སྲོག་	NOUN
སྡིག་	སྡིག་	NOUN
		
།		PUNCT
ངན་དགུ་	ངན་དགུ་	NO_POS
དུག་	དུག་	NOUN
ཆུ་	ཆུ་	NOUN
		
།		PUNCT
ཉམས་	ཉམས་	NOUN
ཆགས་	ཆགས་	VERB
ཆེ་བ་	ཆེ་བ་	VERB
		
།		PUNCT
སྐེག་	སྐེག་	NO_POS
ཆེན་	ཆེན་	NO_POS
གཡོས་པ་	གཡོས་པ་	VERB
ཐམས་	ཐམས་	VERB
འདི་	འདི་	DET
ཡི་	གིས་	PART
བཟློག་	བཟློག་	VERB
།		PUNCT
ངར་མི་	ངར་མི་	NO_POS
འདི་	འདི་	DET
ལ་	ལ་	PART
བཀྲ་ཤིས་	བཀྲ་ཤིས་	NOUN
ཏེ་	སྟེ་	PART
། །		PUNCT
ཉི་མ་	ཉི་མ་	NOUN
བྱང་	བྱང་	NOUN
གིས་	གིས་	PART
ཕྱོགས་	ཕྱོགས་	NOUN
སུ་	ལ་	PART
བཟློག་	བཟློག་	VERB
གོ་	གོ་	PART
བསྒྱུར་	བསྒྱུར་	VERB
རོ་	རོ་	NOUN
། །		PUNCT
དེ་ནས་	དེ་ནས་	NO_POS
མ་མོ་	མ་མོ་	NOUN
ལ་ལ་	ལ་ལ་	PRON
ས་	གིས་	PART
ཀྱིས་	གིས་	PART
གཉེར་	གཉེར་	VERB
གཏད་པ་	གཏད་པ་	VERB
འདི་སྐད་	འདི་སྐད་	NO_POS
དོ་	གོ་	PART
། །		PUNCT
བྷྱཽ་		NON_WORD
བྷྱཽ་		NON_WORD
བྷྱཽ་		NON_WORD
ལན་	ལན་	NOUN
གསུམ་	གསུམ་	NUM
མི་	མི་	PART
བགྱི་	བགྱི་	VERB
རུ་	ལ་	PART
། །		PUNCT
ཁྱོད་	ཁྱོད་	PRON
མ་མོ་	མ་མོ་	NOUN
རྣམས་	རྣམས་	DET
ཀྱིས་	གིས་	PART
སྲོག་	སྲོག་	NOUN
ན་	ནས་	PART
འདྲེན་	འདྲེན་	NO_POS
། །		PUNCT
དེ་ཕྱིར་	དེ་ཕྱིར་	NO_POS
བྷྱོ་		NON_WORD
བྷྱོ་		NON_WORD
ལན་	ལན་	NOUN
གསུམ་	གསུམ་	NUM
བགྱི་	བགྱི་	VERB
། །		PUNCT
ཕྱོགས་ཕྱོགས་	ཕྱོགས་ཕྱོགས་	NO_POS
དེ་	སྟེ་	PART
ནི་	ནི་	NO_POS
ཕ་གི་	ཕ་གི་	DET
ན་	ལ་	PART
། །		PUNCT
ཉི་མ་	ཉི་མ་	NOUN
བྱང་ཤར་	བྱང་ཤར་	OTHER
ཕ་གི་	ཕ་གི་	DET
ན་	ལ་	PART
། །		PUNCT
མི་	མི་	PART
མེད་	མེད་	VERB
ཞག་	ཞག་	NOUN
བདུན་	བདུན་	NUM
འདས་པ་	འདས་པ་	VERB
ན་	ལ་	PART
། །		PUNCT
ཆུ་	ཆུ་	NOUN
མེད་	མེད་	VERB
ཞག་	ཞག་	NOUN
བདུན་	བདུན་	NUM
འདས་པ་	འདས་པ་	VERB
ན་	ལ་	PART
། །		PUNCT
བྱང་ཐང་	བྱང་ཐང་	OTHER
སྐྱ་	སྐྱ་	VERB
མོ་	གོ་	PART
ཕྱག་	ཕྱག་	NOUN
མ་	མ་	PART
ཕྱོད་	ཕྱོད་	OTHER
། །		PUNCT
བྱང་	བྱང་	NOUN
རི་	རི་	NOUN
དམར་པོ་	དམར་པོ་	ADJ
བང་	བང་	NOUN
མ་	མ་	PART
བུང་	བུང་	NO_POS
། །		PUNCT
ངང་	ངང་	NOUN
སྙན་	སྙན་	NOUN
དུར་	དུར་	NOUN
སྙན་དར་	སྙན་དར་	NO_POS
མ་	མ་	PART
འདི་	འདི་	DET
ར་	ལ་	PART
། །		PUNCT
བརྩཽ་		NON_WORD
དང་	དང་	NO_POS
ཤ་	ཤ་	NOUN
རྐྱང་	རྐྱང་	OTHER
བྲང་	བྲང་	NOUN
མ་	མ་	PART
བྲེང་	བྲེང་	VERB
། །		PUNCT
གོང་མོ་	གོང་མོ་	NO_POS
སྲེག་པ་	སྲེག་པ་	VERB
དང་	དང་	NO_POS
མ་	མ་	PART
ལྡིང་	ལྡིང་	VERB
། །		PUNCT
རྒྱ་མཚོ་	རྒྱ་མཚོ་	NOUN
སྔོ་	སྔོ་	VERB
དང་	དང་	NO_POS
མེ་	མེ་	NOUN
རེ་རེ་	རེ་རེ་	DET
། །		PUNCT
གཡུ་མཚོ་	གཡུ་མཚོ་	OTHER
དེ་	སྟེ་	PART
ཡི་	གི་	PART
ནང་	ནང་	NOUN
ཤེད་	ཤེད་	NOUN
ན་	ལ་	PART
། །		PUNCT
མཐིང་	མཐིང་	NO_POS
གི་	གི་	PART
དགུ་	དགུ་	NUM
ར་	ལ་	PART
ཕུག་	ཕུག་	NOUN
དི་		NON_WORD
རི་	རི་	NOUN
རི་	རི་	NOUN
། །		PUNCT
གསེར་	གསེར་	NOUN
གྱིས་	གིས་	PART
ཆུན་	ཆུན་	NO_POS
ཕུ་	ཕུ་	VERB
རོང་	རོང་	PROPN
སེ་	སེ་	NO_POS
རོང་	རོང་	PROPN
། །		PUNCT
གཡུ་	གཡུ་	NOUN
ཡི་	གི་	PART
ཆུན་	ཆུན་	NO_POS
ཐག་རྒྱང་	ཐག་རྒྱང་	NO_POS
སེ་	སེ་	NO_POS
རྒྱང་	རྒྱང་	NOUN
། །		PUNCT
དུང་	དུང་	NOUN
གི་	གི་	PART
ཆུན་	ཆུན་	NO_POS
ཕུ་	ཕུ་	VERB
ཐབས་	ཐབས་	NOUN
སེ་	སེ་	NO_POS
ཐབས་	ཐབས་	NOUN
། །		PUNCT
གུ་	གུ་	NOUN
ཆེན་	ཆེན་	NO_POS
དེ་	སྟེ་	PART
ཡི་	གི་	PART
ནང་	ནང་	NOUN
ཤེད་	ཤེད་	NOUN
ན་	ལ་	PART
། །		PUNCT
བསེ་	བསེ་	OTHER
ཡི་	གི་	PART
སྐུ་མཁར་	སྐུ་མཁར་	NOUN
གྲུ་བཞི་	གྲུ་བཞི་	ADJ
ལ་	ལ་	PART
། །		PUNCT
འགྲམ་	འགྲམ་	NOUN
བཞི་	བཞི་	NUM
ནག་པོ་	ནག་པོ་	ADJ
ལྕགས་	ལྕགས་	NOUN
ལ་	ལ་	PART
བྱ་	བྱ་	VERB
། །		PUNCT
དེ་	སྟེ་	PART
ལ་	ལ་	PART
གཉན་	གཉན་	OTHER
ཏེ་	སྟེ་	PART
བྱི་	བྱི་	NO_POS
མི་	མི་	PART
འཛུལ་	འཛུལ་	NO_POS
། །		PUNCT
ལོགས་	ལོགས་	NOUN
བཞི་	བཞི་	NUM
སྨུག་པོ་	སྨུག་པོ་	OTHER
མཆོང་	མཆོང་	VERB
ལ་	ལ་	PART
བྱ་	བྱ་	VERB
། །		PUNCT
དེ་	སྟེ་	PART
ལ་	ལ་	PART
གཉན་	གཉན་	OTHER
སྟེ་	སྟེ་	PART
སྦྲུལ་	སྦྲུལ་	NOUN
མི་	མི་	PART
འཁྲིལ་	འཁྲིལ་	NO_POS
། །		PUNCT
ཟུར་	ཟུར་	NOUN
བཞི་	བཞི་	NUM
སེར་པོ་	སེར་པོ་	ADJ
འི་	གི་	PART
གསེར་	གསེར་	NOUN
ལ་	ལ་	PART
བྱ་	བྱ་	VERB
། །		PUNCT
དེ་	སྟེ་	PART
ལ་	ལ་	PART
གཉན་	གཉན་	OTHER
སྟེ་	སྟེ་	PART
སྤྲེལ་	སྤྲེལ་	NO_POS
མི་	མི་	PART
འཛེག་	འཛེག་	VERB
།		PUNCT
ཁ་བད་	ཁ་བད་	NO_POS
སྔོན་པོ་	སྔོན་པོ་	ADJ
གཡུ་	གཡུ་	NOUN
ལ་	ལ་	PART
བྱ་	བྱ་	VERB
། །		PUNCT
དེ་	སྟེ་	PART
ལ་	ལ་	PART
གཉན་	གཉན་	OTHER
སྟེ་	སྟེ་	PART
བྱ་	བྱ་	VERB
མི་	མི་	PART
ལྡིང་	ལྡིང་	VERB
། །		PUNCT
སྒོ་མོ་	སྒོ་མོ་	NOUN
དེ་	སྟེ་	PART
ནི་	ནི་	NO_POS
ཟངས་	ཟངས་	NOUN
ལ་	ལ་	PART
བྱ་	བྱ་	VERB
། །		PUNCT
དེ་	སྟེ་	PART
ལ་	ལ་	PART
གཉན་	གཉན་	OTHER
སྟེ་	སྟེ་	PART
རྒྱལ་	རྒྱལ་	VERB
མི་	མི་	PART
འཛུལ་	འཛུལ་	NO_POS
། །		PUNCT
དེ་	སྟེ་	PART
འདྲ་	འདྲ་	VERB
མཁའ་	མཁའ་	NOUN
གྱི་	གི་	PART
ནང་	ནང་	NOUN
ཤེད་	ཤེད་	NOUN
ན་	ལ་	PART
། །		PUNCT
མངའ་བདག་	མངའ་བདག་	NOUN
རྒྱལ་	རྒྱལ་	VERB
ལོ་	གོ་	PART
སུ་	ལ་	PART
བཞུགས་	བཞུགས་	VERB
ན་	ལ་	PART
། །		PUNCT
མི་རོ་	མི་རོ་	NOUN
རྟ་	རྟ་	NOUN
རོ་	རོ་	NOUN
འི་	གི་	PART
བཅལ་	བཅལ་	NO_POS
སྟེང་	སྟེང་	NOUN
ན་	ལ་	PART
། །		PUNCT
ཁྲག་	ཁྲག་	NOUN
དང་	དང་	NO_POS
ཞག་	ཞག་	NOUN
གི་	གི་	PART
ནང་	ནང་	NOUN
ཤེད་	ཤེད་	NOUN
ན་	ལ་	PART
། །		PUNCT
མངའ་བདག་	མངའ་བདག་	NOUN
རྒྱལ་མོ་	རྒྱལ་མོ་	OTHER
ཆེན་	ཆེན་	NO_POS
མོ་	གོ་	PART
ནི་	ནི་	NO_POS
། །		PUNCT
དཔལ་ལྡན་	དཔལ་ལྡན་	ADJ
ལྷ་མོ་	ལྷ་མོ་	NOUN
རེ་	རེ་	DET
མ་ཏི་	མ་ཏི་	PROPN
། །		PUNCT
ཆིབས་	ཆིབས་	VERB
སུ་	ལ་	PART
དྲེལ་	དྲེལ་	NO_POS
རྟ་རྐང་	རྟ་རྐང་	NO_POS
གསུམ་	གསུམ་	NUM
ཆིབས་	ཆིབས་	VERB
། །		PUNCT
དྲ་བ་	དྲ་བ་	OTHER
དགུ་	དགུ་	NUM
ཡི་	གི་	PART
རྟེན་	རྟེན་	NOUN
ལེན་	ལེན་	VERB
ཅན་	ཅན་	PART
། །		PUNCT
སྐུ་	སྐུ་	NOUN
ལ་	ལ་	PART
རྨ་བྱ་	རྨ་བྱ་	NOUN
འི་	གི་	PART
ཐུལ་པ་	ཐུལ་པ་	NO_POS
གསོལ་	གསོལ་	VERB
། །		PUNCT
ཉིན་	ཉིན་	NOUN
བཞིན་	བཞིན་	NOUN
ཁྱོད་	ཁྱོད་	PRON
ནི་	ནི་	NO_POS
གུག་	གུག་	VERB
གནས་	གནས་	NOUN
འགྱེད་	འགྱེད་	VERB
། །		PUNCT
མཚན་	མཚན་	NOUN
བཞིན་	བཞིན་	NOUN
དྲོད་	དྲོད་	NOUN
དུ་	ལ་	PART
གནས་	གནས་	NOUN
ཉུལ་མ་	ཉུལ་མ་	NO_POS
། །		PUNCT
རྣལ་འབྱོར་	རྣལ་འབྱོར་	NOUN
ཆེན་	ཆེན་	NO_POS
མོ་	གོ་	PART
ཨ་ལ་	ཨ་ལ་	ADV
ལ་	ལ་	PART
། །		PUNCT
དབང་ཕྱུག་	དབང་ཕྱུག་	NOUN
ཆེན་	ཆེན་	NO_POS
མོ་	གོ་	PART
ཨ་ལ་	ཨ་ལ་	ADV
ལ་	ལ་	PART
། །		PUNCT
ཁྱོད་	ཁྱོད་	PRON
ཀྱི་	གི་	PART
ཕྲག་པ་	ཕྲག་པ་	NOUN
གཡས་པ་	གཡས་པ་	VERB
ན་	ལ་	PART
། །		PUNCT
བདུད་	བདུད་	NOUN
ཀྱི་	གི་	PART
ཁྲཾ་		NON_WORD
བམ་	གམ་	PART
ཡེ་རེ་	ཡེ་རེ་	NO_POS
རེ་	རེ་	DET
། །		PUNCT
སང་ཕོད་	སང་ཕོད་	NO_POS
ད་	ད་	ADV
ཙམ་	ཙམ་	DET
སུ་	ལ་	PART
འཆི་བ་	འཆི་བ་	VERB
། །		PUNCT
དོ་	གོ་	PART
ཅིག་	ཅིག་	PART
ཁྱོད་	ཁྱོད་	PRON
ཀྱི་	གི་	PART
ཁྲཾ་		NON_WORD
ལ་	ལ་	PART
འདེབས་	འདེབས་	VERB
། །		PUNCT
བདག་	བདག་	PRON
དང་	དང་	NO_POS
རྒྱུ་	རྒྱུ་	NOUN
སྦྱོར་	སྦྱོར་	VERB
ཡོན་བདག་	ཡོན་བདག་	NOUN
ལ་	ལ་	PART
། །		PUNCT
བདུད་	བདུད་	NOUN
ཀྱི་	གི་	PART
ཁྲམ་	ཁྲམ་	NO_POS
ལ་	ལ་	PART
བཏབ་པ་	བཏབ་པ་	VERB
རེ་	རེ་	DET
། །		PUNCT
ཁྲཾ་		NON_WORD
བམ་	གམ་	PART
ཕྱི་	ཕྱི་	VERB
ཅིག་	ཅིག་	PART
མ་	མ་	PART
ཅིག་	ཅིག་	PART
མ་	མ་	PART
། །		PUNCT
ཁྱོད་	ཁྱོད་	PRON
ཀྱི་	གི་	PART
མཚན་	མཚན་	NOUN
ཁུང་	ཁུང་	NOUN
གཡོན་པ་	གཡོན་པ་	ADJ
ན་	ལ་	PART
། །		PUNCT
བཙན་	བཙན་	VERB
གྱི་	གི་	PART
ཤོ་	ཤོ་	NOUN
རྡེ་	རྡེ་	NO_POS
དཀར་ནག་	དཀར་ནག་	ADJ
འགྲེམས་	འགྲེམས་	NO_POS
། །		PUNCT
སང་ཕོད་	སང་ཕོད་	NO_POS
ད་	ད་	ADV
ཙམ་	ཙམ་	DET
སུ་	ལ་	PART
འཆི་བ་	འཆི་བ་	VERB
། །		PUNCT
དོ་	གོ་	PART
ཅིག་	ཅིག་	PART
ཁྱོད་	ཁྱོད་	PRON
ཀྱིས་	གིས་	PART
ཤོ་	ཤོ་	NOUN
ལ་	ལ་	PART
འཛུག་		NON_WORD
།		PUNCT
བདག་	བདག་	PRON
དང་	དང་	NO_POS
རྒྱུ་	རྒྱུ་	NOUN
སྦྱོར་	སྦྱོར་	VERB
		
།		PUNCT
ཤོ་རྡེའུ་	ཤོ་རྡེའུ་	NO_POS
སོལ་	སོལ་	VERB
ཅིག་	ཅིག་	PART
མ་	མ་	PART
ཅིག་	ཅིག་	PART
མ་	མ་	PART
། །		PUNCT
ཁྱོད་	ཁྱོད་	PRON
ཀྱི་	གི་	PART
མཚན་	མཚན་	NOUN
ཁུང་	ཁུང་	NOUN
གཡས་པ་	གཡས་པ་	VERB
ན་	ལ་	PART
། །		PUNCT
བྱད་	བྱད་	NO_POS
དམར་	དམར་	VERB
ཀྱུ་	ཀྱུ་	OTHER
ས་	གིས་	PART
ཀྱི་	གི་	PART
བུམ་པ་	བུམ་པ་	NOUN
བསྣམས་	བསྣམས་	NO_POS
། །		PUNCT
སང་ཕོད་	སང་ཕོད་	NO_POS
ད་	ད་	ADV
ཙམ་	ཙམ་	DET
སུ་	ལ་	PART
འཆི་བ་	འཆི་བ་	VERB
། །		PUNCT
དོ་	གོ་	PART
ཅིག་	ཅིག་	PART
ཁྱོད་	ཁྱོད་	PRON
ཀྱིས་	གིས་	PART
ཤོ་	ཤོ་	NOUN
ལ་	ལ་	PART
འདེབས་	འདེབས་	VERB
། །		PUNCT
བདག་	བདག་	PRON
དང་	དང་	NO_POS
		
།		PUNCT
བྱད་	བྱད་	NO_POS
དམར་	དམར་	VERB
ཀྱུ་	ཀྱུ་	OTHER
ས་	གིས་	PART
ན་	ནས་	PART
ཕྱུང་	ཕྱུང་	VERB
ཅིག་	ཅིག་	PART
མ་	མ་	PART
ཅིག་	ཅིག་	PART
མ་	མ་	PART
། །		PUNCT
ཁྱོད་	ཁྱོད་	PRON
ཀྱི་	གི་	PART
མཚན་	མཚན་	NOUN
ཁུང་	ཁུང་	NOUN
གཡོན་པ་	གཡོན་པ་	ADJ
ན་	ལ་	PART
། །		PUNCT
ནད་	ནད་	NOUN
ཀྱི་	གི་	PART
རྐྱལ་པ་	རྐྱལ་པ་	NO_POS
སྔོ་	སྔོ་	VERB
དམར་	དམར་	VERB
བསྣམས་	བསྣམས་	NO_POS
། །		PUNCT
སྦྲུལ་	སྦྲུལ་	NOUN
ནག་	ནག་	VERB
ལྔ་	ལྔ་	NUM
བརྒྱ་	བརྒྱ་	NUM
འི་	གི་	PART
ཁ་ཆིངས་	ཁ་ཆིངས་	NO_POS
བྱ་	བྱ་	VERB
། །		PUNCT
སང་ཕོད་	སང་ཕོད་	NO_POS
ད་	ད་	ADV
ཙམ་	ཙམ་	DET
		
།		PUNCT
དོ་	གོ་	PART
ཅིག་	ཅིག་	PART
ཁྱོད་	ཁྱོད་	PRON
ཀྱིས་	གིས་	PART
རྩི་	རྩི་	NOUN
སུ་	ལ་	PART
ཆུད་	ཆུད་	VERB
། །		PUNCT
སྤྲུལ་པ་	སྤྲུལ་པ་	VERB
མང་པོ་	མང་པོ་	ADJ
ཕོ་ཉ་	ཕོ་ཉ་	NOUN
ར་	ལ་	PART
འགྱེད་	འགྱེད་	VERB
། །		PUNCT
བདག་	བདག་	PRON
དང་	དང་	NO_POS
		
།		PUNCT
ནད་	ནད་	NOUN
ཁ་ཆོས་	ཁ་ཆོས་	NO_POS
ཅིག་	ཅིག་	PART
མ་	མ་	PART
གཅིག་	གཅིག་	NUM
མ་	མ་	PART
། །		PUNCT
དལ་ཁ་	དལ་ཁ་	NO_POS
སྒྱུ་	སྒྱུ་	VERB
ཅིག་	ཅིག་	PART
མ་	མ་	PART
གཅིག་	གཅིག་	NUM
མ་	མ་	PART
། །		PUNCT
ཁྱོད་	ཁྱོད་	PRON
ཀྱིས་	གིས་	PART
འཆིབས་		NON_WORD
ཀྱིས་	གིས་	PART
སྣ་	སྣ་	NOUN
ཐུལ་	ཐུལ་	VERB
མ་	མ་	PART
། །		PUNCT
མཚོན་	མཚོན་	NOUN
གྱི་	གི་	PART
གྲུ་གུ་	གྲུ་གུ་	OTHER
སྔོ་	སྔོ་	VERB
དམར་	དམར་	VERB
འཐུལ་	འཐུལ་	NO_POS
། །		PUNCT
ཆིབས་	ཆིབས་	VERB
ཀྱི་	གི་	PART
ལྔ་	ལྔ་	NUM
ལོགས་	ལོགས་	NOUN
གཡས་པ་	གཡས་པ་	VERB
ན་	ལ་	PART
། །		PUNCT
རུ་དར་	རུ་དར་	NO_POS
ནག་པོ་	ནག་པོ་	ADJ
འི་	གི་	PART
རྒྱལ་མཚན་	རྒྱལ་མཚན་	NOUN
འཆར་	འཆར་	NO_POS
། །		PUNCT
སྣང་སྲིད་	སྣང་སྲིད་	NOUN
ལྷ་འདྲེ་	ལྷ་འདྲེ་	NOUN
དབང་	དབང་	NOUN
དུ་	ལ་	PART
སྡུད་	སྡུད་	VERB
། །		PUNCT
བདག་	བདག་	PRON
དང་	དང་	NO_POS
		
།		PUNCT
སྡེ་བརྒྱད་	སྡེ་བརྒྱད་	OTHER
ཁྲཾ་		NON_WORD
སྣ་	སྣ་	NOUN
ཁྱོད་	ཁྱོད་	PRON
ཀྱིས་	གིས་	PART
སྒྱུ་	སྒྱུ་	VERB
། །		PUNCT
ཆིབས་	ཆིབས་	VERB
ཀྱིས་	གིས་	PART
ཕྱི་ལོགས་	ཕྱི་ལོགས་	NO_POS
གཡོན་པ་	གཡོན་པ་	ADJ
ན་	ལ་	PART
། །		PUNCT
མཚོན་	མཚོན་	NOUN
གྱིས་	གིས་	PART
གྲུ་གུ་	གྲུ་གུ་	OTHER
སྔོ་	སྔོ་	VERB
དམར་	དམར་	VERB
ཐུལ་	ཐུལ་	VERB
། །		PUNCT
བདག་	བདག་	PRON
དང་	དང་	NO_POS
		
།		PUNCT
མཚོན་	མཚོན་	NOUN
གྱི་	གི་	PART
གྲུ་གུ་	གྲུ་གུ་	OTHER
སྣ་	སྣ་	NOUN
བསྡུ་	བསྡུ་	VERB
ཅིག་	ཅིག་	PART
།		PUNCT
ལྔ་	ལྔ་	NUM
བརྒྱ་	བརྒྱ་	NUM
དུས་	དུས་	NOUN
ཀྱི་	གི་	PART
ཐ་མ་	ཐ་མ་	ADJ
ལ་	ལ་	PART
། །		PUNCT
གསང་སྔགས་	གསང་སྔགས་	NOUN
བཞིན་	བཞིན་	NOUN
དུ་	ལ་	PART
མི་	མི་	PART
སྤྱོད་པ་	སྤྱོད་པ་	VERB
ས་	གིས་	PART
། །		PUNCT
དེ་	སྟེ་	PART
ཚེ་	ཚེ་	NOUN
སྲིད་པ་	སྲིད་པ་	VERB
འི་	གི་	PART
མ་མོ་	མ་མོ་	NOUN
འཁྲུགས་	འཁྲུགས་	NO_POS
། །		PUNCT
མ་མོ་	མ་མོ་	NOUN
འཁྲུགས་པ་	འཁྲུགས་པ་	VERB
འི་	གི་	PART
རྟགས་	རྟགས་	NOUN
བསྟན་པ་	བསྟན་པ་	VERB
། །		PUNCT
ཁྱོད་	ཁྱོད་	PRON
ཀྱིས་	གིས་	PART
ཁ་	ཁ་	PRON
རླངས་	རླངས་	OTHER
སྔོན་པོ་	སྔོན་པོ་	ADJ
ལ་	ལ་	ADP
ས་	གིས་	PART
། །		PUNCT
བུད་མེད་	བུད་མེད་	NOUN
སྔོན་པོ་	སྔོན་པོ་	ADJ
སྟོང་	སྟོང་	NUM
ཁམས་	ཁམས་	NOUN
ཁྱེངས་		NON_WORD
། །		PUNCT
ཆེ་ཞེ་	ཆེ་ཞེ་	NO_POS
ས་	གིས་	PART
བལ་	བལ་	PROPN
ནང་ཚང་པ་	ནང་ཚང་པ་	NO_POS
སྟོང་	སྟོང་	NUM
། །		PUNCT
ཁྱོད་	ཁྱོད་	PRON
ཀྱི་	གི་	PART
ཁ་	ཁ་	PRON
རླངས་	རླངས་	OTHER
སེར་པོ་	སེར་པོ་	ADJ
ལ་	ལ་	ADP
ས་	གིས་	PART
། །		PUNCT
བུད་མེད་	བུད་མེད་	NOUN
སེར་མོ་	སེར་མོ་	ADJ
ས་	གིས་	PART
སྟོང་	སྟོང་	NUM
ཁམས་	ཁམས་	NOUN
ཁྱེངས་		NON_WORD
། །		PUNCT
ཆེ་ཞེ་	ཆེ་ཞེ་	NO_POS
ས་	གིས་	PART
འཁྲིས་	འཁྲིས་	NO_POS
ན་	ནས་	PART
མིག་སེར་	མིག་སེར་	NO_POS
གཏོང་	གཏོང་	VERB
། །		PUNCT
ཁྱོད་	ཁྱོད་	PRON
ཀྱི་	གི་	PART
ཁ་	ཁ་	PRON
རླངས་	རླངས་	OTHER
ཁྲ་བོ་ལ་	ཁྲ་བོ་ལ་	NO_POS
ས་	གིས་	PART
།		PUNCT
བུད་མེད་	བུད་མེད་	NOUN
ཁྲ་	ཁྲ་	NOUN
མོ་	མོ་	VERB
སྟོང་	སྟོང་	NUM
ཁམས་	ཁམས་	NOUN
ཁྱེངས་		NON_WORD
། །		PUNCT
ཆེ་ཞེ་	ཆེ་ཞེ་	NO_POS
ས་	གིས་	PART
དལ་	དལ་	NOUN
ཡཾ་		NON_WORD
གཟེར་ནད་	གཟེར་ནད་	NO_POS
སྟོང་	སྟོང་	NUM
། །		PUNCT
ནད་བདག་	ནད་བདག་	NO_POS
མོ་ལ་	མོ་ལ་	NO_POS
རིམས་བདག་	རིམས་བདག་	NO_POS
མོ་	གོ་	PART
། །		PUNCT
ཁྱོད་	ཁྱོད་	PRON
ཀྱི་	གི་	PART
ཐུགས་དམ་	ཐུགས་དམ་	NOUN
དུས་	དུས་	NOUN
ལ་	ལ་	PART
བབ་	བབ་	VERB
། །		PUNCT
བདག་	བདག་	PRON
དང་	དང་	NO_POS
རྒྱུ་	རྒྱུ་	NOUN
སྦྱོར་	སྦྱོར་	VERB
ཡོན་བདག་	ཡོན་བདག་	NOUN
གིས་	གིས་	PART
། །		PUNCT
ནད་	ནད་	NOUN
ཁ་རིམས་	ཁ་རིམས་	NO_POS
ཁ་	ཁ་	PRON
ཁྱོད་	ཁྱོད་	PRON
ཀྱིས་	གིས་	PART
བཟློག་	བཟློག་	VERB
།		PUNCT
བྷྱོ་		NON_WORD
བྷྱོ་		NON_WORD
སྡང་བ་	སྡང་བ་	VERB
འི་	གི་	PART
དགྲ་	དགྲ་	NOUN
ལ་	ལ་	PART
བྷྱོ་		NON_WORD
། །		PUNCT
ཟོ་		
ཟོ་		
གནོད་པ་	གནོད་པ་	VERB
འི་	གི་	PART
བགེགས་	བགེགས་	NOUN
ལ་	ལ་	PART
ཟོ་		
། །		PUNCT
ངན་པ་	ངན་པ་	VERB
བཟློག་	བཟློག་	VERB
ལ་	ལ་	PART
བདུག་པ་	བདུག་པ་	NO_POS
འཆིང་	འཆིང་	NO_POS
། །		PUNCT
དགྲ་	དགྲ་	NOUN
དཔུང་	དཔུང་	NOUN
ཤིག་	ཅིག་	PART
ལ་	ལ་	PART
བགེགས་	བགེགས་	NOUN
དཔུང་	དཔུང་	NOUN
ཆོམས་		NON_WORD
། །		PUNCT
བྷྱཽ་		NON_WORD
མ་མོ་	མ་མོ་	NOUN
འི་	གི་	PART
གནོད་པ་	གནོད་པ་	VERB
བརྒྱ་	བརྒྱ་	NUM
བཞི་	བཞི་	NUM
འདི་	འདི་	DET
ཡི་	གི་	PART
བཟློག་	བཟློག་	VERB
།		PUNCT
ཨོཾ་པ་	ཨོཾ་པ་	X
ར་	ར་	ADP
ཙཀྲ་	ཙཀྲ་	NO_POS
ཧྲི་		NON_WORD
ཏི་	ཏི་	NO_POS
ཡ་མ་	ཡ་མ་	NO_POS
ར་	ར་	ADP
ཙ་	ཙ་	NOUN
ཨ་པ་	ཨ་པ་	OTHER
ན་	ལ་	PART
ཡེ་	ཡེ་	ADV
སྭཱ་		NON_WORD
ཧཱ་		NON_WORD
།		PUNCT
ལྟས་ངན་	ལྟས་ངན་	NOUN
གྱི་	གི་	PART
འཇིགས་པ་	འཇིགས་པ་	VERB
ལྟས་ངན་	ལྟས་ངན་	NOUN
རང་	རང་	PRON
ལ་	ལ་	PART
སྡིག་	སྡིག་	NOUN
ཅིག་	ཅིག་	PART
སྭཱ་		NON_WORD
ཧཱ་		NON_WORD
།		PUNCT
དགྲ་བགེགས་	དགྲ་བགེགས་	OTHER
གནོད་	གནོད་	VERB
བྱེད་	བྱེད་	VERB
ཐམས་ཅད་	ཐམས་ཅད་	DET
སརྦ་	སརྦ་	NO_POS
ཤ་	ཤ་	NOUN
ཏྲུཾ་		NON_WORD
།		PUNCT
ཅེས་	ཅེས་	PART
ཟླ་	ཟླ་	NOUN
ས་	གིས་	PART
སོ་	གོ་	PART
། །		PUNCT
བཀྲ་ཤིས་པ་	བཀྲ་ཤིས་པ་	NOUN
ར་	ལ་	PART
གྱུར་ཅིག་	གྱུར་ཅིག་	NO_POS
།		PUNCT
དགེ་	དགེ་	NOUN
འོ་	གོ་	PART
།།		PUNCT
